epoch,train_loss,train_dice,val_loss,val_dice,lat_norm2
1,1.454872,0.0029,1.237274,0.0000,1.0112
2,1.181396,0.0031,1.162925,0.0000,0.9004
3,1.136186,0.0064,1.120549,0.0068,0.9869
4,1.094751,0.0528,1.057604,0.1783,0.9669
5,1.017355,0.2067,0.905376,0.4331,1.0601
6,0.836333,0.3979,0.681756,0.5523,1.1009
7,0.712926,0.4851,0.568391,0.6242,1.0864
8,0.646145,0.5370,0.537885,0.6194,1.0752
9,0.609508,0.5643,0.514914,0.6471,1.0552
10,0.569985,0.5974,0.555638,0.6310,1.0768
11,0.549229,0.6122,0.591335,0.6045,1.0942
12,0.536838,0.6226,0.526556,0.6574,1.1242
13,0.512312,0.6411,0.470268,0.6867,1.0793
14,0.481611,0.6672,0.420299,0.7362,1.1725
15,0.450827,0.6956,0.454118,0.7003,1.1656
16,0.437035,0.7084,0.416017,0.7255,1.0957
17,0.408999,0.7285,0.392721,0.7365,1.2515
18,0.378931,0.7532,0.380431,0.7439,1.2790
19,0.364761,0.7603,0.354976,0.7647,1.1255
20,0.348827,0.7739,0.406612,0.7283,1.2272
21,0.335335,0.7826,0.361392,0.7500,1.2244
22,0.310881,0.7985,0.336053,0.7680,1.2191
23,0.300057,0.8049,0.351607,0.7592,1.2179
24,0.295468,0.8076,0.320497,0.7898,1.1605
25,0.285352,0.8147,0.373446,0.7444,1.1693
26,0.272867,0.8225,0.334583,0.7698,1.2128
27,0.270966,0.8221,0.321508,0.7748,1.3583
28,0.272408,0.8219,0.310001,0.7985,1.3469
29,0.274636,0.8198,0.320704,0.7867,1.2796
30,0.272396,0.8216,0.364803,0.7498,1.3663
31,0.262624,0.8279,0.303355,0.7870,1.3276
32,0.269712,0.8239,0.288676,0.8046,1.2197
33,0.281311,0.8160,0.300255,0.7962,1.4230
34,0.275231,0.8196,0.267480,0.8193,1.2199
35,0.268471,0.8246,0.310023,0.7950,1.1069
36,0.338149,0.7841,0.336866,0.7712,1.2603
37,0.302229,0.8046,0.343902,0.7602,1.1737
38,0.263399,0.8285,0.287799,0.8041,1.3100
39,0.246613,0.8385,0.274943,0.8162,1.3604
40,0.231561,0.8487,0.300652,0.7901,1.1848
41,0.222171,0.8559,0.297911,0.7918,1.2850
42,0.215673,0.8597,0.293093,0.7931,1.1770
43,0.213005,0.8613,0.290136,0.7976,1.4151
44,0.210157,0.8629,0.308475,0.7845,1.2407
45,0.208260,0.8641,0.331696,0.7719,1.3182
46,0.207405,0.8640,0.338543,0.7629,1.4049
47,0.207909,0.8636,0.394952,0.7351,1.3579
48,0.207184,0.8636,0.276665,0.8079,1.2209
49,0.209714,0.8616,0.313871,0.7791,1.4111
50,0.211405,0.8605,0.379383,0.7468,1.3228
51,0.222389,0.8541,0.312465,0.7816,1.1342
52,0.218350,0.8561,0.320700,0.7765,1.2964
53,0.211127,0.8603,0.313080,0.7795,1.2534
54,0.202031,0.8668,0.271685,0.8062,1.2648
55,0.195782,0.8714,0.281644,0.8009,1.1432
56,0.197987,0.8702,0.285046,0.7953,1.2383
57,0.199940,0.8679,0.264807,0.8172,1.3713
58,0.207883,0.8631,0.278539,0.8019,1.3739
59,0.197372,0.8701,0.321633,0.7786,1.3602
60,0.198431,0.8694,0.308024,0.7859,1.5380
61,0.203722,0.8654,0.267239,0.8099,1.3534
62,0.243061,0.8425,0.300452,0.7870,1.2590
63,0.319081,0.7995,0.358866,0.7522,1.2764
64,0.245659,0.8364,0.265422,0.8191,1.2559
65,0.201270,0.8678,0.270633,0.8063,1.3661
66,0.183094,0.8807,0.269250,0.8079,1.4063
67,0.179431,0.8828,0.305077,0.7902,1.4737
68,0.175008,0.8856,0.279163,0.8012,1.4841
69,0.172204,0.8872,0.300355,0.7922,1.3146
70,0.171914,0.8874,0.299133,0.7913,1.5067
71,0.168614,0.8895,0.290556,0.7986,1.5185
72,0.166790,0.8908,0.295719,0.7971,1.4767
73,0.167683,0.8896,0.281877,0.8013,1.3823
74,0.165373,0.8916,0.312467,0.7896,1.4996
75,0.163863,0.8926,0.275145,0.8057,1.1507
76,0.162887,0.8931,0.331431,0.7786,1.5396
77,0.167729,0.8901,0.266529,0.8151,1.4019
78,0.172595,0.8869,0.252910,0.8215,1.4147
79,0.170201,0.8879,0.293415,0.7984,1.6112
80,0.194978,0.8716,0.341152,0.7819,1.5284
81,0.196936,0.8705,0.273690,0.8048,1.6872
82,0.175249,0.8853,0.304857,0.7919,1.4159
83,0.167101,0.8900,0.276948,0.8006,1.5780
84,0.170183,0.8874,0.286330,0.8039,1.6027
85,0.202994,0.8681,0.296159,0.8048,1.3273
86,0.187859,0.8774,0.282917,0.8037,1.3319
87,0.175587,0.8856,0.306042,0.7937,1.2437
88,0.172452,0.8877,0.260881,0.8148,1.4042
89,0.160934,0.8951,0.302570,0.7938,1.5168
90,0.158620,0.8968,0.308386,0.7907,1.3370
91,0.159605,0.8957,0.274148,0.8081,1.5932
92,0.157742,0.8966,0.294849,0.8017,1.6519
93,0.159399,0.8960,0.282899,0.8053,1.3789
94,0.164020,0.8930,0.353100,0.7741,1.5262
95,0.160450,0.8955,0.313639,0.7920,1.4297
96,0.166675,0.8910,0.323113,0.7914,1.5894
97,0.186597,0.8780,0.277274,0.8117,1.4663
98,0.171726,0.8870,0.359519,0.7724,1.4725
99,0.173631,0.8868,0.306350,0.7955,1.5646
100,0.156087,0.8983,0.290525,0.8049,1.4118
101,0.157616,0.8972,0.262464,0.8159,1.4714
102,0.153485,0.8998,0.262591,0.8159,1.6877
103,0.163148,0.8929,0.249238,0.8235,1.5480
104,0.154094,0.8995,0.297506,0.8021,1.5419
105,0.144159,0.9064,0.251186,0.8237,1.4064
106,0.142329,0.9079,0.279208,0.8054,1.5169
107,0.146257,0.9047,0.260617,0.8219,1.5917
108,0.138678,0.9097,0.304314,0.7975,1.5189
109,0.131513,0.9152,0.267170,0.8179,1.4450
110,0.131628,0.9152,0.321851,0.7894,1.4373
111,0.131454,0.9149,0.302661,0.8029,1.6869
112,0.130495,0.9154,0.318396,0.7947,1.5804
113,0.130858,0.9150,0.327061,0.7895,1.3901
114,0.131893,0.9143,0.282510,0.8108,1.6101
115,0.130008,0.9156,0.309233,0.7972,1.6834
116,0.126118,0.9185,0.314976,0.7950,1.7626
117,0.128816,0.9171,0.344116,0.7862,1.5808
118,0.135325,0.9126,0.331148,0.7910,1.4126
119,0.141345,0.9082,0.297379,0.8040,1.6171
120,0.142640,0.9071,0.282894,0.8090,1.7158
121,0.161654,0.8953,0.287425,0.8041,1.5393
122,0.161939,0.8950,0.352864,0.7790,1.6951
123,0.169700,0.8899,0.283017,0.8123,1.6489
124,0.161977,0.8946,0.280295,0.8062,1.7845
125,0.147299,0.9024,0.338800,0.7871,1.5112
126,0.145277,0.9055,0.313988,0.7940,1.5401
127,0.141088,0.9082,0.261118,0.8221,1.2787
128,0.133870,0.9136,0.320796,0.7983,1.6695
129,0.131733,0.9142,0.288892,0.8075,1.7287
130,0.133438,0.9133,0.341165,0.7843,1.5666
131,0.127887,0.9166,0.335887,0.7882,1.7200
132,0.131341,0.9147,0.490165,0.7239,1.6544
133,0.148796,0.9033,0.409279,0.7568,1.5636
134,0.136857,0.9098,0.331413,0.7894,1.3978
135,0.142833,0.9068,0.348379,0.7801,1.7975
136,0.121539,0.9213,0.287095,0.8128,1.4376
137,0.121473,0.9220,0.312335,0.7987,1.6984
138,0.123809,0.9208,0.293426,0.8085,1.5542
139,0.124301,0.9204,0.287564,0.8113,1.4741
140,0.119238,0.9230,0.327923,0.7944,1.6815
141,0.119814,0.9229,0.363211,0.7790,1.6548
142,0.117507,0.9245,0.284114,0.8127,1.6969
143,0.116595,0.9250,0.322247,0.7967,1.6852
144,0.114054,0.9263,0.347839,0.7874,1.6001
145,0.117191,0.9243,0.348019,0.7871,1.5846
146,0.116797,0.9244,0.323236,0.7975,1.7034
147,0.114621,0.9264,0.293943,0.8098,1.7129
148,0.111750,0.9285,0.353097,0.7837,1.6305
149,0.128607,0.9167,0.378445,0.7760,1.5560
150,0.162560,0.8951,0.275519,0.8149,1.4626
151,0.137925,0.9100,0.341519,0.7874,1.6271
152,0.158064,0.8984,0.362172,0.7800,1.7552
153,0.134270,0.9120,0.314398,0.7990,1.5727
154,0.117471,0.9238,0.346051,0.7874,1.6444
155,0.110035,0.9293,0.296495,0.8063,1.5357
156,0.111776,0.9278,0.300120,0.8066,1.6129
157,0.111400,0.9284,0.320681,0.7976,1.5193
158,0.111961,0.9279,0.324894,0.7949,1.6466
159,0.118145,0.9233,0.324379,0.7922,1.8994
160,0.132751,0.9137,0.348154,0.7880,1.7685
161,0.120285,0.9221,0.288778,0.8093,1.6655
162,0.125934,0.9180,0.387458,0.7678,1.8471
163,0.129567,0.9161,0.389587,0.7753,1.5122
164,0.121265,0.9207,0.343370,0.7846,1.5956
165,0.117346,0.9234,0.313317,0.7979,1.6090
166,0.123478,0.9203,0.315345,0.7968,1.6878
167,0.142837,0.9076,0.290724,0.8091,1.7841
168,0.174073,0.8888,0.353423,0.7801,1.4710
169,0.156325,0.8978,0.314602,0.7973,1.5115
170,0.135374,0.9122,0.323538,0.7930,1.7466
171,0.114142,0.9264,0.362544,0.7770,1.5516
172,0.107145,0.9313,0.335537,0.7897,1.8098
173,0.104201,0.9332,0.390015,0.7709,1.8412
174,0.102158,0.9347,0.345826,0.7869,1.7123
175,0.105786,0.9322,0.375970,0.7786,1.5497
176,0.106552,0.9310,0.414694,0.7642,1.4581
177,0.108260,0.9304,0.341044,0.7885,1.7107
178,0.103652,0.9332,0.410800,0.7657,1.7217
179,0.102457,0.9345,0.375456,0.7810,1.7523
180,0.101325,0.9351,0.327050,0.8003,1.6008
181,0.103323,0.9335,0.312784,0.8039,1.5843
182,0.101226,0.9349,0.400243,0.7712,1.5882
183,0.100149,0.9356,0.368780,0.7805,1.4446
184,0.104868,0.9326,0.329949,0.7984,2.0574
185,0.115447,0.9256,0.315548,0.8054,1.6100
186,0.115955,0.9247,0.324192,0.7923,1.4630
187,0.108587,0.9290,0.356066,0.7838,1.7094
188,0.108932,0.9287,0.333014,0.7958,1.6582
189,0.099438,0.9357,0.308258,0.8015,1.5405
190,0.102418,0.9341,0.392929,0.7703,1.6551
191,0.119199,0.9228,0.421116,0.7642,1.6355
192,0.117196,0.9242,0.373805,0.7736,1.7875
193,0.115311,0.9250,0.327286,0.7963,1.6056
194,0.121864,0.9218,0.342145,0.7902,1.6582
195,0.109580,0.9288,0.295792,0.8086,1.8290
196,0.104980,0.9319,0.321187,0.7960,1.7489
197,0.107497,0.9302,0.440601,0.7544,1.7543
198,0.119326,0.9222,0.313817,0.7994,1.8207
199,0.117645,0.9229,0.365992,0.7786,1.6323
200,0.103245,0.9335,0.358901,0.7820,1.6433
201,0.105133,0.9327,0.447719,0.7563,1.7335
202,0.110631,0.9288,0.335390,0.7925,1.7691
203,0.109845,0.9288,0.327147,0.7959,1.6058
204,0.101311,0.9345,0.379567,0.7786,1.8410
205,0.100101,0.9355,0.343745,0.7904,1.7707
206,0.097388,0.9370,0.418797,0.7660,1.6557
207,0.094421,0.9395,0.334279,0.7925,1.7602
208,0.092874,0.9404,0.360191,0.7879,1.7882
209,0.097418,0.9374,0.330871,0.7973,1.7858
210,0.095349,0.9386,0.424859,0.7619,1.8369
211,0.098086,0.9367,0.312705,0.8040,1.7464
212,0.100168,0.9352,0.375873,0.7793,1.7191
213,0.104263,0.9329,0.430509,0.7650,1.8881
214,0.130629,0.9167,0.497565,0.7406,1.6711
215,0.114905,0.9251,0.298639,0.8163,1.5845
216,0.120089,0.9231,0.363231,0.7853,1.8710
217,0.134693,0.9142,0.379787,0.7757,1.7762
218,0.131563,0.9152,0.439881,0.7550,1.5658
219,0.110450,0.9285,0.391893,0.7688,1.6793
220,0.106070,0.9315,0.331119,0.7862,1.5789
221,0.106984,0.9307,0.427230,0.7588,2.0272
222,0.109228,0.9303,0.368665,0.7810,1.8767
223,0.098448,0.9365,0.384300,0.7722,1.6964
224,0.094500,0.9391,0.362011,0.7841,1.7406
225,0.095146,0.9388,0.344094,0.7874,1.7716
226,0.102360,0.9343,0.413176,0.7670,1.7566
227,0.105268,0.9322,0.355848,0.7870,1.7717
228,0.107227,0.9308,0.357942,0.7854,1.5973
229,0.101356,0.9345,0.476192,0.7440,1.8051
230,0.107049,0.9303,0.357781,0.7821,1.8486
231,0.100706,0.9346,0.352072,0.7845,1.5460
232,0.096787,0.9371,0.384842,0.7754,1.7994
233,0.100400,0.9345,0.345351,0.7912,1.5130
234,0.098757,0.9353,0.372475,0.7818,1.6318
235,0.095697,0.9385,0.416387,0.7681,1.5124
236,0.100180,0.9353,0.384243,0.7793,1.7836
237,0.098890,0.9360,0.323040,0.7996,1.6579
238,0.097397,0.9371,0.404778,0.7732,1.9968
239,0.107632,0.9302,0.324769,0.7950,1.5710
240,0.104920,0.9318,0.344180,0.7888,1.4766
241,0.109026,0.9292,0.428807,0.7648,1.6586
242,0.105546,0.9319,0.336271,0.7898,1.7086
243,0.095162,0.9386,0.356941,0.7863,1.7533
244,0.097409,0.9365,0.331457,0.7922,1.6988
245,0.106238,0.9318,0.383881,0.7778,1.6672
246,0.100531,0.9351,0.325775,0.7955,1.9026
247,0.104622,0.9329,0.451651,0.7543,1.7960
248,0.097894,0.9372,0.438309,0.7551,1.6792
249,0.096364,0.9374,0.454780,0.7543,1.7773
250,0.094133,0.9390,0.358700,0.7811,1.6682
251,0.103789,0.9337,0.403177,0.7700,1.6516
252,0.094281,0.9392,0.362253,0.7824,1.6185
253,0.105482,0.9317,0.379329,0.7774,1.7550
254,0.099177,0.9358,0.407111,0.7657,1.7758
255,0.097312,0.9368,0.379105,0.7803,1.7341
256,0.090847,0.9413,0.404581,0.7687,1.6732
257,0.094174,0.9387,0.386589,0.7755,1.9438
258,0.089310,0.9420,0.381356,0.7766,1.7077
259,0.089604,0.9419,0.436190,0.7629,1.8266
260,0.088093,0.9429,0.380517,0.7759,1.7034
261,0.090772,0.9411,0.409388,0.7730,1.9323
262,0.090690,0.9415,0.433063,0.7633,1.9276
263,0.086957,0.9438,0.379661,0.7790,1.6254
264,0.090754,0.9410,0.425441,0.7642,1.5821
265,0.103339,0.9330,0.369346,0.7821,1.6626
266,0.105159,0.9322,0.343493,0.7910,1.7942
267,0.127153,0.9195,0.418718,0.7638,1.7295
268,0.119268,0.9234,0.376687,0.7755,1.7949
269,0.130372,0.9162,0.481806,0.7406,1.6958
270,0.120156,0.9219,0.490178,0.7379,1.6304
271,0.114809,0.9246,0.412300,0.7641,1.5471
272,0.094694,0.9383,0.429608,0.7565,1.6874
273,0.090900,0.9411,0.426912,0.7598,1.5791
274,0.089391,0.9425,0.332388,0.7951,1.7665
275,0.099302,0.9358,0.440661,0.7607,1.7733
276,0.098836,0.9365,0.361463,0.7834,1.8230
277,0.086315,0.9447,0.423487,0.7651,1.8069
278,0.088730,0.9429,0.395432,0.7728,1.7911
279,0.087789,0.9434,0.460138,0.7536,1.8274
280,0.089155,0.9423,0.384978,0.7760,1.6608
281,0.090125,0.9418,0.421116,0.7660,1.6763
282,0.086764,0.9443,0.455649,0.7602,1.8325
283,0.090419,0.9418,0.521244,0.7401,1.7623
284,0.104827,0.9331,0.367096,0.7805,1.8314
285,0.102400,0.9344,0.401636,0.7728,1.8712
286,0.088885,0.9427,0.375505,0.7762,1.7467
287,0.084738,0.9455,0.391760,0.7762,1.6623
288,0.087801,0.9433,0.433359,0.7657,1.7846
289,0.097895,0.9370,0.363450,0.7856,1.7189
290,0.094312,0.9380,0.405111,0.7719,1.8422
291,0.086990,0.9434,0.404350,0.7704,1.7309
292,0.088676,0.9428,0.380522,0.7770,1.5987
293,0.092894,0.9390,0.384061,0.7803,1.7155
294,0.097896,0.9357,0.457029,0.7544,1.7536
295,0.097050,0.9367,0.403246,0.7738,1.7373
296,0.089438,0.9419,0.418213,0.7717,1.8739
297,0.089382,0.9421,0.390715,0.7735,1.8950
298,0.082888,0.9464,0.389970,0.7765,1.6344
299,0.080704,0.9480,0.396290,0.7749,1.7487
300,0.079644,0.9489,0.494263,0.7472,1.8480
301,0.088217,0.9426,0.377822,0.7805,1.6954
302,0.100504,0.9351,0.433321,0.7658,1.9395
303,0.119827,0.9235,0.470799,0.7522,1.9330
304,0.124295,0.9189,0.409116,0.7747,1.8045
305,0.128391,0.9160,0.344106,0.7868,1.7547
306,0.118640,0.9224,0.355464,0.7815,1.6095
307,0.102277,0.9329,0.329311,0.7904,1.6895
308,0.096646,0.9372,0.355289,0.7870,1.6828
309,0.085213,0.9453,0.371117,0.7793,1.7980
310,0.082391,0.9469,0.368049,0.7825,1.8040
311,0.080331,0.9487,0.367083,0.7829,1.6811
312,0.086261,0.9439,0.395572,0.7764,2.0370
313,0.085958,0.9446,0.389473,0.7742,1.7623
314,0.080909,0.9476,0.433679,0.7637,1.7919
315,0.077490,0.9505,0.436523,0.7622,1.7671
316,0.077094,0.9504,0.407578,0.7746,1.8646
317,0.075254,0.9517,0.408068,0.7714,2.0554
318,0.076617,0.9506,0.427693,0.7728,1.7115
319,0.078635,0.9488,0.430761,0.7643,2.0321
320,0.080859,0.9473,0.408856,0.7748,1.9158
321,0.080772,0.9477,0.384977,0.7798,1.8989
322,0.076019,0.9510,0.422308,0.7681,1.6833
323,0.079329,0.9488,0.450763,0.7581,1.9442
324,0.079229,0.9484,0.398294,0.7793,1.6918
325,0.079408,0.9483,0.403125,0.7794,1.7493
326,0.078553,0.9490,0.434469,0.7679,1.8893
327,0.075579,0.9515,0.451689,0.7622,1.7201
328,0.087986,0.9437,0.450887,0.7646,1.9230
329,0.108216,0.9316,0.435039,0.7662,1.7545
330,0.122211,0.9225,0.379983,0.7805,1.9192
331,0.101079,0.9345,0.432402,0.7652,1.9796
332,0.087027,0.9437,0.459936,0.7525,2.0100
333,0.087852,0.9433,0.416865,0.7658,1.8911
334,0.099622,0.9353,0.425772,0.7696,1.7488
335,0.085749,0.9442,0.428751,0.7642,1.8250
336,0.080726,0.9476,0.395657,0.7794,1.7747
337,0.078877,0.9493,0.380886,0.7773,1.8285
338,0.086294,0.9444,0.511832,0.7471,1.9693
339,0.080983,0.9475,0.491053,0.7534,1.7567
340,0.084993,0.9454,0.504432,0.7522,1.9546
341,0.084974,0.9445,0.454712,0.7558,1.7516
342,0.092348,0.9405,0.421576,0.7671,1.8970
343,0.084796,0.9450,0.412149,0.7673,1.7452
344,0.082960,0.9461,0.422734,0.7678,1.8578
345,0.079003,0.9488,0.378431,0.7866,1.9440
346,0.079722,0.9488,0.419899,0.7710,2.1296
347,0.090723,0.9410,0.459126,0.7574,1.8617
348,0.107095,0.9319,0.378823,0.7819,1.7441
349,0.109339,0.9295,0.485180,0.7510,1.6674
350,0.100968,0.9343,0.457068,0.7594,1.7832
351,0.105349,0.9325,0.387362,0.7750,1.7433
352,0.121880,0.9231,0.355192,0.7866,1.7742
353,0.101781,0.9335,0.383798,0.7761,1.8579
354,0.093891,0.9381,0.362880,0.7847,1.7222
355,0.083234,0.9461,0.366542,0.7833,1.9212
356,0.087906,0.9433,0.391647,0.7713,1.9033
357,0.084777,0.9451,0.436645,0.7603,1.7882
358,0.086406,0.9440,0.402369,0.7732,1.8105
359,0.078274,0.9494,0.426241,0.7654,1.5679
360,0.087750,0.9436,0.471578,0.7522,1.7046
361,0.090153,0.9421,0.403438,0.7706,1.8650
362,0.086609,0.9442,0.400257,0.7716,1.7218
363,0.100653,0.9353,0.378346,0.7815,1.8581
364,0.106285,0.9306,0.454413,0.7555,1.6917
365,0.086065,0.9433,0.398222,0.7717,1.7920
366,0.079003,0.9488,0.435057,0.7597,1.9540
367,0.078427,0.9491,0.421592,0.7677,1.8493
368,0.081034,0.9470,0.443672,0.7638,1.8421
369,0.094724,0.9388,0.545202,0.7431,1.6582
370,0.085987,0.9444,0.509043,0.7441,2.1052
371,0.099829,0.9354,0.462511,0.7563,1.8268
372,0.093191,0.9389,0.473234,0.7551,1.9661
373,0.085627,0.9443,0.426093,0.7685,1.9247
374,0.085256,0.9445,0.394985,0.7736,1.8056
375,0.093043,0.9395,0.358063,0.7906,1.8316
376,0.085777,0.9444,0.421190,0.7692,1.5603
377,0.088361,0.9425,0.417520,0.7653,1.6810
378,0.111864,0.9283,0.622854,0.7134,1.6422
379,0.102220,0.9336,0.471368,0.7578,1.7885
380,0.084680,0.9452,0.510261,0.7367,1.9325
381,0.078887,0.9490,0.387192,0.7768,1.5899
382,0.075744,0.9510,0.423370,0.7672,1.7478
383,0.073525,0.9524,0.416106,0.7691,1.8508
384,0.075416,0.9515,0.466978,0.7580,1.7126
385,0.073801,0.9527,0.410050,0.7692,1.6192
386,0.080030,0.9485,0.446236,0.7646,2.0755
387,0.084262,0.9456,0.472779,0.7555,1.7645
388,0.084688,0.9458,0.455920,0.7607,1.8819
389,0.079296,0.9491,0.427067,0.7676,1.8022
390,0.080491,0.9484,0.411091,0.7738,2.0250
391,0.082785,0.9464,0.540932,0.7366,1.8528
392,0.075818,0.9510,0.422906,0.7696,1.8661
393,0.075817,0.9510,0.567118,0.7335,1.6751
394,0.083872,0.9460,0.422405,0.7697,1.8849
395,0.077677,0.9498,0.415702,0.7724,1.6946
396,0.090424,0.9415,0.467349,0.7602,1.8445
397,0.088833,0.9428,0.659663,0.7126,1.9804
398,0.089148,0.9427,0.443960,0.7647,1.9794
399,0.085135,0.9450,0.479397,0.7491,1.7901
400,0.082216,0.9467,0.437350,0.7587,1.6051
401,0.076966,0.9499,0.440089,0.7676,2.0558
402,0.074225,0.9520,0.427502,0.7681,1.7744
403,0.070650,0.9545,0.453548,0.7655,1.8771
404,0.075375,0.9515,0.444623,0.7629,1.7450
405,0.074515,0.9521,0.502515,0.7483,1.7168
406,0.076395,0.9504,0.465608,0.7600,1.7656
407,0.080461,0.9474,0.448585,0.7606,1.9037
408,0.074349,0.9517,0.469190,0.7579,1.6817
409,0.072363,0.9533,0.472678,0.7552,1.9484
410,0.073573,0.9524,0.505043,0.7496,1.8829
411,0.077115,0.9498,0.448233,0.7623,1.7738
412,0.087461,0.9428,0.564473,0.7412,1.6779
413,0.128686,0.9187,0.456759,0.7592,2.0975
414,0.111608,0.9276,0.388354,0.7748,1.7873
415,0.093121,0.9398,0.404532,0.7712,1.9770
416,0.077870,0.9494,0.402472,0.7725,1.6668
417,0.077825,0.9493,0.475544,0.7581,1.8565
418,0.069537,0.9553,0.500391,0.7451,1.9094
419,0.074799,0.9517,0.438224,0.7605,2.2102
420,0.075664,0.9512,0.391739,0.7798,1.7613
421,0.078412,0.9491,0.454683,0.7646,1.5906
422,0.077034,0.9499,0.395475,0.7809,2.1077
423,0.083701,0.9455,0.403913,0.7770,1.8880
424,0.077319,0.9495,0.422899,0.7663,2.0087
425,0.087205,0.9438,0.413993,0.7721,1.8586
426,0.083641,0.9458,0.394967,0.7799,1.8277
427,0.079727,0.9488,0.505259,0.7511,1.8560
428,0.073882,0.9520,0.473647,0.7570,1.9516
429,0.073999,0.9519,0.470009,0.7605,1.8583
430,0.078944,0.9492,0.410261,0.7708,1.8327
431,0.080843,0.9474,0.441971,0.7667,1.7739
432,0.080652,0.9480,0.519473,0.7428,1.7948
433,0.100278,0.9360,0.494719,0.7520,1.7709
434,0.093977,0.9390,0.474563,0.7573,2.0429
435,0.085262,0.9440,0.504669,0.7466,1.5615
436,0.083769,0.9456,0.446536,0.7628,1.7889
437,0.084721,0.9451,0.551359,0.7359,1.9715
438,0.097067,0.9371,0.486534,0.7524,1.7996
439,0.093021,0.9380,0.409446,0.7738,1.8339
440,0.087188,0.9438,0.458103,0.7554,1.7934
441,0.082340,0.9468,0.416762,0.7677,1.9073
442,0.094618,0.9391,0.449561,0.7589,1.8954
443,0.088593,0.9427,0.406616,0.7722,1.7730
444,0.082516,0.9457,0.434432,0.7655,2.0265
445,0.084737,0.9452,0.418856,0.7674,1.7211
446,0.111593,0.9302,0.445239,0.7604,1.7910
447,0.108671,0.9296,0.517872,0.7458,1.7960
448,0.096337,0.9376,0.374510,0.7814,1.9078
449,0.079216,0.9489,0.415982,0.7670,1.8397
450,0.072467,0.9534,0.455424,0.7578,1.8059
451,0.069771,0.9554,0.465468,0.7584,1.7348
452,0.070468,0.9550,0.520682,0.7465,1.7781
453,0.071232,0.9543,0.446671,0.7610,1.6051
454,0.068527,0.9560,0.414605,0.7724,1.7586
455,0.070319,0.9552,0.436649,0.7660,1.7982
456,0.067642,0.9567,0.480818,0.7533,1.9910
457,0.067890,0.9562,0.445589,0.7651,1.7644
458,0.070373,0.9547,0.506807,0.7528,1.9489
459,0.082542,0.9468,0.429940,0.7685,1.7630
460,0.074078,0.9521,0.561519,0.7362,1.9921
461,0.075576,0.9511,0.519063,0.7459,1.8862
462,0.079996,0.9482,0.543867,0.7412,1.7377
463,0.075012,0.9512,0.453391,0.7614,1.8451
464,0.071835,0.9534,0.456522,0.7619,1.9381
465,0.069737,0.9548,0.436457,0.7680,1.8547
466,0.068122,0.9561,0.411324,0.7743,1.7850
467,0.069738,0.9549,0.476801,0.7591,1.7117
468,0.073114,0.9526,0.432292,0.7695,1.7367
469,0.072696,0.9522,0.451882,0.7642,2.0129
470,0.066739,0.9569,0.454338,0.7667,1.8581
471,0.065684,0.9576,0.452519,0.7664,2.0395
472,0.067360,0.9565,0.460491,0.7617,1.8100
473,0.066101,0.9572,0.492067,0.7568,1.7905
474,0.067273,0.9563,0.457755,0.7651,1.9733
475,0.067140,0.9567,0.440597,0.7720,1.9999
476,0.074862,0.9510,0.484324,0.7594,1.7254
477,0.076153,0.9503,0.503813,0.7530,1.8442
478,0.081816,0.9476,0.583453,0.7381,1.8658
479,0.094914,0.9388,0.541835,0.7455,1.8417
480,0.086450,0.9439,0.437468,0.7692,1.9730
481,0.081551,0.9470,0.493593,0.7562,1.7953
482,0.075444,0.9511,0.506635,0.7505,1.8201
483,0.075127,0.9515,0.497634,0.7536,1.8767
484,0.075949,0.9500,0.516118,0.7493,1.8928
485,0.068611,0.9555,0.495183,0.7519,2.1538
486,0.068870,0.9557,0.501578,0.7549,2.2795
487,0.070403,0.9548,0.527345,0.7493,1.8752
488,0.079850,0.9478,0.383174,0.7916,1.7993
489,0.079423,0.9477,0.393707,0.7815,2.0087
490,0.086701,0.9441,0.534099,0.7464,1.7975
491,0.094263,0.9394,0.451500,0.7632,2.0945
492,0.108793,0.9309,0.503794,0.7459,1.8075
493,0.089391,0.9418,0.433645,0.7636,1.7558
494,0.070363,0.9546,0.434634,0.7629,2.0453
495,0.069734,0.9551,0.519046,0.7491,1.7784
496,0.068883,0.9553,0.479895,0.7609,2.0362
497,0.075771,0.9501,0.608354,0.7332,1.7789
498,0.102611,0.9346,0.584823,0.7364,2.0157
499,0.094649,0.9386,0.527166,0.7488,1.9556
500,0.085303,0.9449,0.598180,0.7294,1.9180
501,0.105813,0.9335,0.451383,0.7625,1.9137
502,0.094631,0.9396,0.415789,0.7700,1.8026
503,0.094038,0.9392,0.515841,0.7430,1.8085
504,0.080703,0.9475,0.443104,0.7613,1.8955
505,0.070250,0.9550,0.395533,0.7772,1.7350
506,0.070423,0.9547,0.441089,0.7647,1.8407
507,0.068827,0.9555,0.422309,0.7697,1.8187
508,0.070048,0.9544,0.482295,0.7573,1.9630
509,0.067813,0.9561,0.464029,0.7624,1.8446
510,0.063955,0.9589,0.516477,0.7487,1.8520
511,0.060604,0.9614,0.487512,0.7568,1.8686
512,0.060214,0.9617,0.499565,0.7543,1.8748
513,0.063519,0.9590,0.485896,0.7575,1.7496
514,0.063100,0.9592,0.467640,0.7619,1.6923
515,0.067966,0.9557,0.466631,0.7646,1.6052
516,0.063702,0.9587,0.459676,0.7659,1.9205
517,0.066704,0.9570,0.499517,0.7519,1.7205
518,0.069528,0.9547,0.436606,0.7731,1.8919
519,0.068450,0.9552,0.492653,0.7613,2.0401
520,0.067246,0.9562,0.449828,0.7677,1.9563
521,0.069135,0.9549,0.494599,0.7586,1.9028
522,0.070171,0.9543,0.523052,0.7482,1.9050
523,0.071030,0.9539,0.425574,0.7751,1.9602
524,0.073241,0.9525,0.613040,0.7363,1.8378
525,0.077597,0.9491,0.516296,0.7531,1.7172
526,0.076498,0.9503,0.523717,0.7521,1.8830
527,0.086492,0.9440,0.443666,0.7693,1.9432
528,0.081693,0.9471,0.711134,0.7101,1.9125
529,0.115618,0.9277,0.478428,0.7553,1.9992
530,0.113449,0.9278,0.483252,0.7511,1.9150
531,0.121110,0.9213,0.429413,0.7638,2.0298
532,0.101112,0.9331,0.432319,0.7672,1.8441
533,0.080970,0.9470,0.428595,0.7688,1.9891
534,0.072754,0.9531,0.474951,0.7545,2.0037
535,0.064884,0.9583,0.476957,0.7541,1.8072
536,0.063310,0.9594,0.439378,0.7687,1.8176
537,0.067507,0.9561,0.517284,0.7484,1.8849
538,0.072094,0.9533,0.528013,0.7471,1.8887
539,0.077413,0.9501,0.570772,0.7396,1.8266
540,0.082054,0.9471,0.509484,0.7544,1.9744
541,0.078585,0.9494,0.431957,0.7706,1.6580
542,0.073144,0.9527,0.481226,0.7574,1.7672
543,0.068014,0.9563,0.484435,0.7591,2.0718
544,0.065130,0.9581,0.509853,0.7521,1.6161
545,0.078535,0.9490,0.484350,0.7587,1.6986
546,0.075269,0.9512,0.524070,0.7498,1.8183
547,0.074532,0.9522,0.535064,0.7453,1.5875
548,0.074207,0.9516,0.423777,0.7748,1.8217
549,0.086338,0.9438,0.496137,0.7553,2.0964
550,0.074675,0.9513,0.543664,0.7435,2.0316
551,0.073089,0.9523,0.515038,0.7478,1.9852
552,0.065824,0.9575,0.526125,0.7476,1.9404
553,0.063700,0.9591,0.521777,0.7488,1.7864
554,0.062713,0.9597,0.521206,0.7489,1.9263
555,0.064147,0.9586,0.559523,0.7442,1.8307
556,0.064658,0.9581,0.425429,0.7742,1.9109
557,0.065763,0.9572,0.474667,0.7634,1.7976
558,0.065283,0.9576,0.521020,0.7465,1.8544
559,0.065126,0.9578,0.451972,0.7696,1.8880
560,0.066520,0.9567,0.482163,0.7598,1.9228
561,0.066236,0.9569,0.521556,0.7513,1.9768
562,0.067191,0.9564,0.507015,0.7548,1.8198
563,0.070393,0.9538,0.528669,0.7527,1.6900
564,0.065200,0.9576,0.508046,0.7582,2.1713
565,0.063118,0.9588,0.531348,0.7507,1.7217
566,0.060163,0.9612,0.506079,0.7580,1.8321
567,0.061102,0.9605,0.460376,0.7692,1.8842
568,0.059757,0.9614,0.481988,0.7613,1.8638
569,0.064182,0.9584,0.469382,0.7677,1.9369
570,0.073472,0.9524,0.552985,0.7501,2.0480
571,0.078421,0.9491,0.506723,0.7528,1.8625
572,0.071926,0.9530,0.533283,0.7485,2.0384
573,0.076574,0.9502,0.416952,0.7790,1.9943
574,0.088772,0.9422,0.446274,0.7721,2.0331
575,0.098010,0.9372,0.604941,0.7368,1.9078
576,0.095686,0.9385,0.503518,0.7549,1.8785
577,0.080118,0.9476,0.477038,0.7629,1.7630
578,0.067595,0.9565,0.507545,0.7526,1.7720
579,0.089802,0.9432,0.410416,0.7763,2.0152
580,0.071968,0.9537,0.450669,0.7634,2.0062
581,0.067831,0.9564,0.425650,0.7747,1.9114
582,0.067216,0.9566,0.458598,0.7632,1.9429
583,0.068052,0.9560,0.414113,0.7801,1.8991
584,0.076788,0.9505,0.464082,0.7650,1.9337
585,0.075961,0.9502,0.468668,0.7627,1.8280
586,0.075385,0.9507,0.483289,0.7606,1.8213
587,0.067578,0.9556,0.437112,0.7667,2.1806
588,0.065075,0.9578,0.472777,0.7603,1.9949
589,0.081957,0.9470,0.477852,0.7621,2.0354
590,0.078448,0.9491,0.515172,0.7543,2.2608
591,0.070923,0.9538,0.534996,0.7494,1.8577
592,0.065853,0.9572,0.480442,0.7610,2.0144
593,0.065587,0.9573,0.455421,0.7676,1.8643
594,0.063450,0.9589,0.486256,0.7580,1.8239
595,0.063524,0.9591,0.484299,0.7614,1.9795
596,0.061850,0.9600,0.450201,0.7688,1.8341
597,0.065522,0.9574,0.533159,0.7497,1.9148
598,0.069187,0.9552,0.540810,0.7465,2.0042
599,0.077621,0.9505,0.469312,0.7643,1.8270
600,0.069025,0.9555,0.464633,0.7655,1.9356
601,0.076079,0.9508,0.420612,0.7756,1.9222
602,0.096366,0.9381,0.495135,0.7533,1.7929
603,0.090024,0.9414,0.665088,0.7143,2.2834
604,0.118605,0.9254,0.597206,0.7313,2.0211
605,0.084780,0.9452,0.561632,0.7377,1.8916
606,0.068815,0.9560,0.476166,0.7561,1.8435
607,0.064850,0.9585,0.434172,0.7700,1.8234
608,0.070959,0.9544,0.492711,0.7520,1.8196
609,0.061699,0.9604,0.519496,0.7497,1.9241
610,0.061627,0.9605,0.424100,0.7758,1.9325
611,0.069543,0.9547,0.485281,0.7598,1.9986
612,0.081819,0.9468,0.457193,0.7667,1.9924
613,0.071137,0.9533,0.524385,0.7512,2.0308
614,0.067503,0.9560,0.493092,0.7588,1.7647
615,0.060094,0.9614,0.486152,0.7576,1.8085
616,0.061722,0.9597,0.492023,0.7594,1.8280
617,0.059536,0.9613,0.490192,0.7606,1.9644
618,0.058515,0.9624,0.506955,0.7547,1.7239
619,0.061377,0.9604,0.516012,0.7566,1.7532
620,0.061499,0.9603,0.497826,0.7609,1.9307
621,0.062714,0.9595,0.484908,0.7631,1.8423
622,0.064708,0.9582,0.476045,0.7668,1.8592
623,0.069953,0.9544,0.567365,0.7474,1.6291
624,0.069857,0.9540,0.550737,0.7520,2.0692
625,0.068571,0.9554,0.504349,0.7577,1.9163
626,0.069541,0.9547,0.453431,0.7702,2.1824
627,0.076447,0.9505,0.434964,0.7729,1.9356
628,0.077834,0.9499,0.548249,0.7468,1.9654
629,0.075419,0.9521,0.513941,0.7557,2.0676
630,0.068054,0.9562,0.484745,0.7614,1.8947
631,0.069524,0.9549,0.443800,0.7729,1.7888
632,0.063895,0.9584,0.518579,0.7540,2.1404
633,0.065473,0.9578,0.460047,0.7718,2.1062
634,0.063513,0.9589,0.501766,0.7557,2.1972
635,0.062275,0.9597,0.482870,0.7608,1.8185
636,0.060516,0.9607,0.491984,0.7593,1.9970
637,0.064256,0.9579,0.483189,0.7608,1.9585
638,0.070408,0.9542,0.547810,0.7487,1.7605
639,0.075797,0.9510,0.444403,0.7690,1.8742
640,0.081522,0.9483,0.429352,0.7736,1.9432
641,0.114502,0.9293,0.593228,0.7341,1.8145
642,0.099833,0.9359,0.510742,0.7488,2.1776
643,0.082634,0.9464,0.459760,0.7604,1.9743
644,0.076873,0.9498,0.586474,0.7355,2.1805
645,0.083872,0.9458,0.459632,0.7665,1.8090
646,0.071279,0.9538,0.478793,0.7576,2.0548
647,0.063882,0.9586,0.493662,0.7528,1.9492
648,0.060822,0.9611,0.496995,0.7550,2.0399
649,0.058943,0.9623,0.504431,0.7555,2.1195
650,0.060818,0.9603,0.546217,0.7501,1.9046
651,0.062166,0.9597,0.453200,0.7703,2.1726
652,0.062785,0.9589,0.496133,0.7614,1.6559
653,0.062011,0.9600,0.547475,0.7530,1.7012
654,0.059775,0.9610,0.546252,0.7505,2.2181
655,0.058852,0.9619,0.469969,0.7650,1.7125
656,0.066000,0.9571,0.515819,0.7616,1.8717
657,0.074316,0.9523,0.473940,0.7621,1.9240
658,0.075372,0.9516,0.494740,0.7604,2.0744
659,0.071887,0.9537,0.490108,0.7618,1.8473
660,0.075415,0.9512,0.606300,0.7388,1.9071
661,0.093616,0.9413,0.570165,0.7394,2.1525
662,0.100973,0.9371,0.474778,0.7590,1.8468
663,0.109803,0.9329,0.441186,0.7644,1.7922
664,0.081881,0.9469,0.558540,0.7387,1.8193
665,0.074743,0.9519,0.455924,0.7593,2.0038
666,0.070563,0.9543,0.464796,0.7567,2.2355
667,0.066368,0.9566,0.472546,0.7600,1.8410
668,0.061329,0.9602,0.485444,0.7606,1.8558
669,0.063098,0.9590,0.437437,0.7733,1.8317
670,0.059833,0.9614,0.509500,0.7528,1.6247
671,0.059699,0.9616,0.461162,0.7662,1.7818
672,0.063293,0.9588,0.476245,0.7659,1.9447
673,0.064669,0.9574,0.503609,0.7572,1.8350
674,0.065698,0.9570,0.481431,0.7605,1.8713
675,0.065308,0.9579,0.648312,0.7287,1.8227
676,0.064582,0.9579,0.447908,0.7729,1.9307
677,0.073925,0.9520,0.446641,0.7708,1.8091
678,0.082181,0.9467,0.558282,0.7451,2.0248
679,0.093344,0.9408,0.430527,0.7762,1.9978
680,0.091504,0.9415,0.492348,0.7567,2.3099
681,0.066242,0.9574,0.445425,0.7661,1.8526
682,0.070088,0.9544,0.549304,0.7463,1.9461
683,0.083131,0.9464,0.491835,0.7578,1.7574
684,0.105097,0.9331,0.495140,0.7517,2.1228
685,0.080474,0.9477,0.526492,0.7475,1.9693
686,0.064790,0.9582,0.467556,0.7629,1.9199
687,0.064098,0.9587,0.438543,0.7714,1.8740
688,0.061582,0.9605,0.451680,0.7685,1.6217
689,0.059843,0.9618,0.465988,0.7627,1.7718
690,0.060219,0.9614,0.473303,0.7650,2.1689
691,0.059932,0.9616,0.494831,0.7586,1.8095
692,0.060304,0.9612,0.499052,0.7591,1.9414
693,0.060102,0.9609,0.505834,0.7574,1.9797
694,0.064139,0.9583,0.509820,0.7596,1.8850
695,0.060000,0.9611,0.487531,0.7635,1.8348
696,0.058422,0.9622,0.528320,0.7508,1.8549
697,0.058167,0.9625,0.468660,0.7721,1.8602
698,0.057763,0.9626,0.478744,0.7693,1.8925
699,0.060989,0.9600,0.540889,0.7532,1.8259
700,0.061418,0.9597,0.503585,0.7589,2.2716
701,0.065974,0.9570,0.598015,0.7406,2.0750
702,0.077838,0.9500,0.475744,0.7672,2.0638
703,0.071231,0.9540,0.493573,0.7563,1.8345
704,0.074929,0.9518,0.489692,0.7587,1.8383
705,0.072883,0.9528,0.517964,0.7572,1.8713
706,0.069914,0.9554,0.451597,0.7696,1.9321
707,0.066933,0.9564,0.528472,0.7565,1.8134
708,0.078868,0.9489,0.551130,0.7495,1.9844
709,0.077412,0.9499,0.471426,0.7640,2.0361
710,0.083757,0.9464,0.564662,0.7419,1.8918
711,0.070812,0.9543,0.454510,0.7642,1.9318
712,0.066923,0.9565,0.513289,0.7524,2.0030
713,0.062320,0.9597,0.584391,0.7405,2.0763
714,0.060057,0.9614,0.526876,0.7559,1.8279
715,0.058539,0.9621,0.493484,0.7629,1.8316
716,0.056828,0.9634,0.532999,0.7513,1.9772
717,0.058070,0.9626,0.523402,0.7569,1.8035
718,0.059333,0.9615,0.580998,0.7453,1.7457
719,0.072358,0.9528,0.464976,0.7674,1.9130
720,0.070140,0.9546,0.604406,0.7380,1.9484
721,0.066954,0.9560,0.574332,0.7446,1.7712
722,0.058916,0.9619,0.504286,0.7549,1.8010
723,0.057538,0.9626,0.527011,0.7563,1.9587
724,0.062081,0.9599,0.485648,0.7640,1.7709
725,0.061026,0.9605,0.547899,0.7541,1.8433
726,0.063181,0.9593,0.451857,0.7727,1.9709
727,0.073086,0.9524,0.522572,0.7535,2.1364
728,0.071363,0.9533,0.545779,0.7514,1.9761
729,0.063708,0.9587,0.537946,0.7563,1.7235
730,0.059279,0.9617,0.544981,0.7499,1.9884
731,0.062600,0.9595,0.555747,0.7502,1.9523
732,0.062148,0.9594,0.562452,0.7498,1.7859
733,0.059188,0.9615,0.522746,0.7589,2.0676
734,0.062030,0.9599,0.438372,0.7788,1.9406
735,0.066868,0.9569,0.487145,0.7634,1.9914
736,0.067854,0.9561,0.495638,0.7605,2.0837
737,0.064300,0.9581,0.495341,0.7607,1.9653
738,0.068583,0.9557,0.472096,0.7687,1.8273
739,0.068311,0.9557,0.599716,0.7376,2.0536
740,0.063087,0.9594,0.470237,0.7644,1.9564
741,0.069980,0.9543,0.586017,0.7435,1.8413
742,0.061034,0.9604,0.481047,0.7632,2.1151
743,0.065337,0.9581,0.512069,0.7573,1.8381
744,0.067070,0.9563,0.512837,0.7580,1.9740
745,0.065283,0.9577,0.488315,0.7594,1.8403
746,0.065392,0.9575,0.444651,0.7798,2.0380
747,0.066877,0.9570,0.489957,0.7658,1.8611
748,0.064423,0.9587,0.546448,0.7509,1.9445
749,0.066607,0.9573,0.572266,0.7460,2.1338
750,0.065061,0.9579,0.639837,0.7344,1.9809
751,0.079680,0.9494,0.535589,0.7535,1.9325
752,0.080033,0.9488,0.459423,0.7659,2.0718
753,0.068403,0.9555,0.519045,0.7549,1.8638
754,0.066686,0.9562,0.515276,0.7561,2.1266
755,0.061180,0.9602,0.500574,0.7578,1.9907
756,0.060448,0.9605,0.533665,0.7523,1.8213
757,0.058468,0.9619,0.489347,0.7644,2.0279
758,0.061012,0.9601,0.581032,0.7440,1.9099
759,0.062840,0.9592,0.498428,0.7610,1.9798
760,0.065042,0.9579,0.534548,0.7520,1.9849
761,0.058074,0.9624,0.551632,0.7510,1.8709
762,0.059895,0.9612,0.583575,0.7446,1.8455
763,0.062706,0.9594,0.543605,0.7535,1.8928
764,0.061804,0.9604,0.536293,0.7552,1.9989
765,0.063416,0.9588,0.577714,0.7450,1.8582
766,0.081882,0.9473,0.504713,0.7588,2.1403
767,0.067307,0.9560,0.556792,0.7490,1.7791
768,0.072252,0.9530,0.636598,0.7292,2.2729
769,0.067587,0.9564,0.492466,0.7637,2.2532
770,0.064374,0.9576,0.496619,0.7608,1.8732
771,0.066074,0.9570,0.475628,0.7662,2.1431
772,0.069697,0.9549,0.518373,0.7570,1.7374
773,0.062846,0.9588,0.550760,0.7478,1.8656
774,0.064549,0.9581,0.532097,0.7548,2.1007
775,0.059372,0.9615,0.500956,0.7625,1.7345
776,0.066135,0.9574,0.451605,0.7712,2.0798
777,0.063578,0.9587,0.466294,0.7670,1.9613
778,0.060551,0.9612,0.514677,0.7600,1.8889
779,0.062299,0.9596,0.459957,0.7763,2.2542
780,0.062021,0.9598,0.568667,0.7475,1.8676
781,0.068021,0.9556,0.570683,0.7472,1.8070
782,0.070555,0.9547,0.546617,0.7537,1.8845
783,0.071923,0.9534,0.519636,0.7594,2.0350
784,0.063841,0.9584,0.556668,0.7465,1.7952
785,0.068266,0.9553,0.514195,0.7620,1.7321
786,0.057702,0.9627,0.543308,0.7553,2.0210
787,0.059212,0.9618,0.475521,0.7688,2.1314
788,0.056835,0.9632,0.519188,0.7590,1.9091
789,0.056969,0.9628,0.573062,0.7449,1.9779
790,0.054991,0.9644,0.492698,0.7679,2.0089
791,0.058821,0.9613,0.523236,0.7604,1.8564
792,0.061433,0.9599,0.568083,0.7510,1.8413
793,0.065102,0.9573,0.524726,0.7581,1.9951
794,0.063305,0.9588,0.502661,0.7627,2.0072
795,0.063415,0.9590,0.568208,0.7520,2.1397
796,0.078806,0.9502,0.562391,0.7495,1.9406
797,0.068347,0.9555,0.498390,0.7664,1.8706
798,0.066312,0.9566,0.486291,0.7637,2.0052
799,0.060343,0.9606,0.487473,0.7669,1.9494
800,0.056545,0.9634,0.512068,0.7599,1.9021
801,0.060945,0.9602,0.500721,0.7656,1.9083
802,0.057978,0.9623,0.546232,0.7563,2.0700
803,0.062804,0.9594,0.482334,0.7640,2.1353
804,0.061438,0.9602,0.505463,0.7611,1.9545
805,0.058554,0.9622,0.635797,0.7376,1.9201
806,0.056371,0.9635,0.524682,0.7595,2.0231
807,0.068674,0.9556,0.489967,0.7657,1.9522
808,0.074651,0.9522,0.479591,0.7612,2.3074
809,0.073615,0.9525,0.564552,0.7464,1.8823
810,0.062077,0.9595,0.553906,0.7506,2.1697
811,0.060895,0.9603,0.599250,0.7413,1.9080
812,0.063288,0.9586,0.552651,0.7494,2.0462
813,0.066461,0.9562,0.619310,0.7408,1.9273
814,0.057480,0.9626,0.609245,0.7427,2.2076
815,0.054171,0.9650,0.545736,0.7550,1.9041
816,0.055356,0.9640,0.547824,0.7560,1.7761
817,0.061544,0.9592,0.575224,0.7562,2.1648
818,0.064736,0.9582,0.645777,0.7361,1.7576
819,0.062705,0.9585,0.553887,0.7524,2.0317
820,0.057812,0.9624,0.553860,0.7546,1.9064
821,0.058220,0.9621,0.535275,0.7556,1.8493
822,0.059163,0.9610,0.546037,0.7581,1.7187
823,0.054770,0.9642,0.573985,0.7493,1.8176
824,0.051807,0.9666,0.579119,0.7494,1.9523
825,0.054170,0.9648,0.540351,0.7569,1.9815
826,0.055661,0.9640,0.538943,0.7578,2.0135
827,0.064392,0.9579,0.481176,0.7675,1.8961
828,0.066722,0.9568,0.509015,0.7611,2.2090
829,0.064706,0.9577,0.502365,0.7670,1.9442
830,0.056541,0.9633,0.551488,0.7559,1.7758
831,0.059226,0.9615,0.518605,0.7585,1.9322
832,0.068769,0.9561,0.558308,0.7542,1.8487
833,0.069997,0.9553,0.461901,0.7721,1.9824
834,0.065923,0.9570,0.564933,0.7533,1.7403
835,0.066189,0.9569,0.547081,0.7575,1.8573
836,0.063941,0.9584,0.503874,0.7608,2.2002
837,0.061356,0.9601,0.570880,0.7500,1.9332
838,0.059195,0.9612,0.562526,0.7527,2.0908
839,0.057311,0.9628,0.574641,0.7483,1.8632
840,0.055503,0.9639,0.575041,0.7526,2.0653
841,0.065331,0.9577,0.514008,0.7590,1.8613
842,0.059185,0.9614,0.522317,0.7580,1.9260
843,0.067158,0.9565,0.723042,0.7266,2.1956
844,0.091318,0.9433,0.582642,0.7466,2.2949
845,0.082429,0.9480,0.676381,0.7287,1.8162
846,0.082559,0.9473,0.576011,0.7441,2.0554
847,0.072004,0.9527,0.623192,0.7325,2.1059
848,0.080759,0.9477,0.554209,0.7459,1.8985
849,0.078578,0.9485,0.493904,0.7591,1.9477
850,0.077560,0.9500,0.475473,0.7627,1.8872
851,0.070634,0.9542,0.508061,0.7565,1.9441
852,0.069821,0.9546,0.552018,0.7445,1.7806
853,0.068488,0.9549,0.536768,0.7559,1.8019
854,0.061216,0.9601,0.487445,0.7619,1.8958
855,0.058146,0.9624,0.547764,0.7531,1.7566
856,0.058260,0.9619,0.556723,0.7518,1.9248
857,0.056248,0.9632,0.523255,0.7574,1.9444
858,0.054936,0.9644,0.528377,0.7597,2.1250
859,0.056080,0.9632,0.535136,0.7540,1.7238
860,0.058558,0.9615,0.541656,0.7538,1.8004
861,0.056403,0.9631,0.533818,0.7581,1.8480
862,0.055710,0.9640,0.527199,0.7611,2.0605
863,0.053866,0.9648,0.498261,0.7668,2.3472
864,0.057018,0.9627,0.552261,0.7536,2.2438
865,0.054810,0.9643,0.540517,0.7573,2.0450
866,0.054249,0.9649,0.556660,0.7552,2.0360
867,0.059352,0.9617,0.608210,0.7471,2.0540
868,0.058417,0.9620,0.598025,0.7489,2.0519
869,0.056687,0.9632,0.492941,0.7688,1.9783
870,0.060990,0.9602,0.578333,0.7512,2.1727
871,0.068195,0.9563,0.522563,0.7581,2.0090
872,0.062733,0.9596,0.643738,0.7415,2.1000
873,0.071306,0.9550,0.674234,0.7305,2.3798
874,0.072407,0.9538,0.517488,0.7557,1.9550
875,0.075503,0.9517,0.469522,0.7736,2.2250
876,0.083995,0.9461,0.450003,0.7705,1.9229
877,0.082880,0.9462,0.470601,0.7644,2.0606
878,0.072893,0.9526,0.527057,0.7532,2.0171
879,0.070744,0.9537,0.558416,0.7489,1.9200
880,0.065849,0.9572,0.578608,0.7425,2.1975
881,0.062932,0.9591,0.567913,0.7501,1.8324
882,0.059554,0.9615,0.593693,0.7464,2.1113
883,0.064007,0.9589,0.510478,0.7602,1.9625
884,0.058829,0.9619,0.507683,0.7605,1.7217
885,0.052051,0.9667,0.564099,0.7505,2.0982
886,0.054671,0.9649,0.627875,0.7421,1.8635
887,0.059661,0.9619,0.522339,0.7595,1.8419
888,0.057476,0.9629,0.583839,0.7505,2.0664
889,0.054310,0.9651,0.522766,0.7609,1.9551
890,0.054663,0.9647,0.516602,0.7622,2.0705
891,0.052355,0.9663,0.583596,0.7495,2.0023
892,0.050502,0.9677,0.541196,0.7572,2.0783
893,0.052959,0.9658,0.573977,0.7508,1.9147
894,0.054587,0.9645,0.612315,0.7413,1.9827
895,0.056263,0.9635,0.556558,0.7578,2.0187
896,0.054794,0.9643,0.566748,0.7569,2.3855
897,0.052038,0.9662,0.556023,0.7571,2.0432
898,0.054874,0.9639,0.528266,0.7615,1.8629
899,0.066119,0.9565,0.599922,0.7452,1.9707
900,0.075115,0.9513,0.543591,0.7561,1.9963
901,0.072037,0.9538,0.560681,0.7533,1.8080
902,0.063609,0.9583,0.605405,0.7460,2.0312
903,0.058452,0.9621,0.542490,0.7568,2.0433
904,0.059582,0.9613,0.570836,0.7517,2.0936
905,0.057453,0.9626,0.497942,0.7663,1.9662
906,0.058203,0.9622,0.507567,0.7613,2.0338
907,0.060864,0.9603,0.518251,0.7594,2.1724
908,0.063238,0.9591,0.571382,0.7508,1.9503
909,0.058285,0.9622,0.565236,0.7551,2.2063
910,0.055344,0.9641,0.516293,0.7632,2.1115
911,0.052881,0.9657,0.541175,0.7580,1.9328
912,0.052510,0.9662,0.598565,0.7488,2.1554
913,0.053562,0.9654,0.580376,0.7518,2.1175
914,0.058945,0.9615,0.609957,0.7488,2.2676
915,0.061061,0.9605,0.558026,0.7585,2.1249
916,0.071626,0.9534,0.632876,0.7439,2.0389
917,0.069580,0.9550,0.565873,0.7514,2.2221
918,0.067878,0.9563,0.515615,0.7595,2.0891
919,0.057162,0.9630,0.524765,0.7633,2.1751
920,0.055019,0.9642,0.595329,0.7487,1.9712
921,0.061374,0.9603,0.507305,0.7636,1.9848
922,0.072219,0.9546,0.621910,0.7425,1.8929
923,0.069539,0.9559,0.473904,0.7695,2.1647
924,0.095052,0.9412,0.426450,0.7801,2.1539
925,0.081906,0.9480,0.460833,0.7671,1.9467
926,0.078420,0.9492,0.665530,0.7243,2.1500
927,0.067076,0.9565,0.549933,0.7488,1.9740
928,0.058206,0.9627,0.503501,0.7622,2.1130
929,0.056061,0.9640,0.480811,0.7693,1.9985
930,0.051339,0.9673,0.513047,0.7605,2.0364
931,0.052159,0.9667,0.504973,0.7648,2.1172
932,0.056748,0.9635,0.636809,0.7394,1.9704
933,0.056442,0.9634,0.462810,0.7748,1.9170
934,0.055121,0.9644,0.552781,0.7557,1.9666
935,0.050047,0.9679,0.538392,0.7569,1.9025
936,0.049809,0.9680,0.522128,0.7616,2.0178
937,0.055551,0.9641,0.594882,0.7510,1.9199
938,0.058305,0.9620,0.541583,0.7592,2.0541
939,0.057279,0.9628,0.550810,0.7570,2.0094
940,0.054951,0.9641,0.589058,0.7500,2.1653
941,0.052967,0.9655,0.511473,0.7677,1.8028
942,0.056615,0.9633,0.565008,0.7570,1.7821
943,0.056027,0.9637,0.582407,0.7543,1.8640
944,0.058762,0.9619,0.631624,0.7421,2.1646
945,0.067917,0.9562,0.545754,0.7552,1.8940
946,0.067620,0.9562,0.593090,0.7451,1.9676
947,0.067167,0.9559,0.518659,0.7626,1.9089
948,0.061429,0.9600,0.513768,0.7644,2.1190
949,0.053387,0.9656,0.552015,0.7550,1.9016
950,0.051490,0.9670,0.512933,0.7637,2.1084
951,0.049064,0.9687,0.509218,0.7659,2.1063
952,0.050413,0.9675,0.588439,0.7511,1.8287
953,0.053154,0.9655,0.598108,0.7507,1.9129
954,0.056532,0.9630,0.522924,0.7648,1.8691
955,0.053266,0.9654,0.526411,0.7631,2.1134
956,0.053755,0.9653,0.563350,0.7547,1.9714
957,0.055440,0.9640,0.576752,0.7579,2.0182
958,0.056403,0.9634,0.548530,0.7595,2.0581
959,0.061481,0.9602,0.542519,0.7571,1.9534
960,0.059875,0.9613,0.548594,0.7603,2.3876
961,0.059514,0.9619,0.584046,0.7519,1.9189
962,0.058119,0.9622,0.479390,0.7748,1.8618
963,0.067672,0.9570,0.755397,0.7238,2.0482
964,0.062763,0.9597,0.586677,0.7521,2.3382
965,0.055243,0.9640,0.563811,0.7552,2.0841
966,0.056706,0.9629,0.544819,0.7567,1.9085
967,0.056547,0.9630,0.591190,0.7517,1.9405
968,0.059088,0.9613,0.522589,0.7655,2.2108
969,0.059169,0.9614,0.514093,0.7630,2.2140
970,0.059579,0.9609,0.552406,0.7577,1.9388
971,0.073987,0.9523,0.589043,0.7492,2.2821
972,0.067428,0.9560,0.520060,0.7618,2.2781
973,0.058013,0.9625,0.584824,0.7536,2.1721
974,0.053247,0.9657,0.592062,0.7502,2.1604
975,0.062021,0.9599,0.582920,0.7511,1.8014
976,0.085968,0.9452,0.760219,0.7179,2.1492
977,0.086494,0.9445,0.503602,0.7607,1.7194
978,0.074869,0.9506,0.676439,0.7284,1.8084
979,0.077135,0.9497,0.556729,0.7578,1.9990
980,0.058816,0.9618,0.513449,0.7614,1.7232
981,0.050673,0.9677,0.589521,0.7518,2.2208
982,0.052178,0.9666,0.551116,0.7605,2.0479
983,0.054153,0.9647,0.549534,0.7523,1.8941
984,0.054775,0.9646,0.603261,0.7465,1.9831
985,0.052724,0.9659,0.558870,0.7583,2.1687
986,0.050611,0.9674,0.553922,0.7590,1.8587
987,0.057384,0.9627,0.630970,0.7478,2.1910
988,0.055756,0.9637,0.539901,0.7623,1.9975
989,0.052325,0.9661,0.596729,0.7496,2.1817
990,0.054527,0.9649,0.566906,0.7553,1.8869
991,0.057350,0.9627,0.652782,0.7412,1.7742
992,0.056277,0.9635,0.609446,0.7476,2.0183
993,0.052776,0.9656,0.544503,0.7622,1.9638
994,0.052511,0.9662,0.593842,0.7503,2.2293
995,0.056974,0.9632,0.614525,0.7496,1.7710
996,0.061769,0.9600,0.727592,0.7299,2.0211
997,0.068600,0.9562,0.594941,0.7513,1.8544
998,0.058301,0.9618,0.513980,0.7625,1.9790
999,0.055696,0.9637,0.616567,0.7458,1.8780
1000,0.066707,0.9574,0.507352,0.7644,1.8973
1001,0.078219,0.9504,0.521262,0.7581,1.9790
1002,0.113466,0.9329,0.708018,0.7223,2.1678
1003,0.071335,0.9541,0.510407,0.7580,1.9124
1004,0.061169,0.9604,0.528710,0.7595,1.9909
1005,0.053037,0.9661,0.534855,0.7567,2.0189
1006,0.052852,0.9657,0.529676,0.7592,2.1644
1007,0.050344,0.9678,0.601363,0.7455,1.8130
1008,0.051546,0.9670,0.556809,0.7574,2.0323
1009,0.052992,0.9659,0.580626,0.7511,1.7528
1010,0.063284,0.9588,0.617492,0.7496,1.9338
1011,0.074170,0.9518,0.656793,0.7334,2.1057
1012,0.073871,0.9523,0.540548,0.7573,1.9711
1013,0.072511,0.9531,0.583085,0.7485,1.9996
1014,0.065646,0.9573,0.546691,0.7586,1.7881
1015,0.055545,0.9642,0.534891,0.7570,1.9449
1016,0.059936,0.9610,0.530276,0.7603,1.8489
1017,0.060984,0.9601,0.542847,0.7563,1.8364
1018,0.057196,0.9625,0.573416,0.7554,2.3648
1019,0.058453,0.9618,0.523250,0.7648,2.1850
1020,0.056562,0.9636,0.556905,0.7551,1.9574
1021,0.063336,0.9588,0.562883,0.7595,1.8835
1022,0.069805,0.9549,0.486434,0.7694,1.7830
1023,0.075686,0.9516,0.564987,0.7526,2.1476
1024,0.063823,0.9586,0.577256,0.7513,1.9092
1025,0.076476,0.9507,0.615311,0.7418,2.2280
1026,0.061772,0.9594,0.480666,0.7664,2.0000
1027,0.079245,0.9490,0.603551,0.7423,2.3767
1028,0.089962,0.9436,0.458008,0.7715,1.8862
1029,0.085047,0.9455,0.654750,0.7293,1.7861
1030,0.084128,0.9469,0.462734,0.7667,2.0367
1031,0.063110,0.9594,0.526404,0.7549,2.1785
1032,0.057441,0.9631,0.556041,0.7527,2.0691
1033,0.051723,0.9673,0.570377,0.7513,1.8411
1034,0.050427,0.9679,0.518426,0.7642,1.7910
1035,0.052719,0.9658,0.546815,0.7562,2.1683
1036,0.050143,0.9676,0.595979,0.7483,2.4706
1037,0.051721,0.9665,0.561257,0.7566,1.9777
1038,0.054366,0.9647,0.503112,0.7635,1.8082
1039,0.053747,0.9654,0.555476,0.7547,1.9937
1040,0.053951,0.9648,0.592719,0.7536,1.8148
1041,0.053615,0.9652,0.569226,0.7552,1.8208
1042,0.050349,0.9675,0.586424,0.7547,1.9504
1043,0.049960,0.9679,0.589980,0.7510,2.1146
1044,0.050368,0.9676,0.567498,0.7582,1.9728
1045,0.060867,0.9611,0.517799,0.7633,2.0691
1046,0.054318,0.9651,0.587479,0.7532,2.1540
1047,0.054342,0.9648,0.599682,0.7476,1.8544
1048,0.053668,0.9649,0.602446,0.7506,2.1166
1049,0.056168,0.9633,0.559197,0.7615,1.8601
1050,0.053968,0.9649,0.603673,0.7506,2.1010
1051,0.056998,0.9634,0.556055,0.7591,1.8746
1052,0.066126,0.9581,0.511396,0.7639,1.8419
1053,0.070851,0.9551,0.625273,0.7416,2.1034
1054,0.070761,0.9548,0.491646,0.7651,2.2449
1055,0.078025,0.9502,0.561441,0.7535,1.9708
1056,0.068281,0.9554,0.614143,0.7446,2.1053
1057,0.069160,0.9550,0.580962,0.7515,1.9587
1058,0.062213,0.9593,0.460593,0.7757,1.7919
1059,0.087331,0.9436,0.627254,0.7405,2.0906
1060,0.080419,0.9467,0.475140,0.7674,1.8137
1061,0.065534,0.9565,0.538507,0.7570,2.1816
1062,0.054627,0.9645,0.563713,0.7541,2.0150
1063,0.050968,0.9673,0.524711,0.7624,1.8239
1064,0.051824,0.9664,0.579285,0.7503,1.9836
1065,0.059259,0.9612,0.491407,0.7693,1.8572
1066,0.057286,0.9628,0.602128,0.7507,1.8494
1067,0.052613,0.9659,0.572928,0.7531,2.1439
1068,0.054011,0.9653,0.583978,0.7533,1.9245
1069,0.058681,0.9617,0.574556,0.7523,1.9153
1070,0.074382,0.9520,0.525802,0.7587,1.9010
1071,0.092921,0.9426,0.677503,0.7360,1.8038
1072,0.087660,0.9447,0.540731,0.7512,1.9441
1073,0.071951,0.9536,0.474982,0.7709,1.9986
1074,0.093204,0.9409,0.486834,0.7630,2.2229
1075,0.086697,0.9451,0.661209,0.7257,1.9379
1076,0.070635,0.9544,0.609489,0.7383,2.2982
1077,0.063876,0.9585,0.512542,0.7585,1.8985
1078,0.066816,0.9564,0.557799,0.7518,2.0977
1079,0.057959,0.9627,0.485967,0.7667,1.9040
1080,0.052093,0.9666,0.558178,0.7542,2.1021
1081,0.050745,0.9673,0.576707,0.7526,1.9474
1082,0.048501,0.9689,0.548649,0.7590,2.0466
1083,0.051061,0.9673,0.570322,0.7539,2.0402
1084,0.050781,0.9673,0.549679,0.7594,2.2068
1085,0.052188,0.9663,0.588496,0.7478,2.0425
1086,0.049934,0.9679,0.575032,0.7552,1.7942
1087,0.047921,0.9692,0.595508,0.7525,2.0066
1088,0.049891,0.9679,0.586927,0.7541,1.8344
1089,0.049439,0.9681,0.587464,0.7558,2.1892
1090,0.049260,0.9683,0.622387,0.7439,2.1590
1091,0.051282,0.9669,0.630743,0.7494,2.0943
1092,0.055694,0.9640,0.531817,0.7611,2.0558
1093,0.055438,0.9640,0.610538,0.7537,2.2059
1094,0.054315,0.9645,0.577948,0.7552,1.9876
1095,0.049307,0.9683,0.561218,0.7577,2.2228
1096,0.051542,0.9667,0.600687,0.7522,1.7333
1097,0.051077,0.9666,0.536423,0.7642,2.0697
1098,0.054222,0.9647,0.535646,0.7636,1.9801
1099,0.055744,0.9640,0.571253,0.7538,2.0558
1100,0.056439,0.9635,0.515866,0.7686,2.3646
1101,0.062687,0.9596,0.693864,0.7377,2.2751
1102,0.061759,0.9600,0.542937,0.7609,1.9775
1103,0.058775,0.9620,0.520477,0.7716,2.2567
1104,0.058596,0.9622,0.532352,0.7614,2.0418
1105,0.053506,0.9654,0.536643,0.7599,2.0683
1106,0.049177,0.9685,0.541155,0.7633,1.9613
1107,0.048583,0.9688,0.557919,0.7583,2.3032
1108,0.051434,0.9664,0.584555,0.7540,2.2677
1109,0.051611,0.9661,0.588418,0.7532,2.1127
1110,0.052902,0.9652,0.552944,0.7630,1.8677
1111,0.053298,0.9650,0.578059,0.7582,1.9929
1112,0.050717,0.9668,0.572966,0.7567,2.3166
1113,0.056900,0.9622,0.573360,0.7568,1.8837
1114,0.051810,0.9663,0.610407,0.7541,1.6933
1115,0.054925,0.9643,0.567418,0.7550,2.2638
1116,0.053717,0.9649,0.587746,0.7537,1.9928
1117,0.063083,0.9587,0.584463,0.7522,1.7882
1118,0.068086,0.9566,0.496068,0.7680,1.9852
1119,0.070100,0.9554,0.644830,0.7400,2.0891
1120,0.073220,0.9535,0.525774,0.7581,1.8577
1121,0.065937,0.9576,0.615728,0.7513,2.0615
1122,0.062421,0.9599,0.616734,0.7491,2.4220
1123,0.063238,0.9589,0.538167,0.7587,2.1326
1124,0.057407,0.9625,0.560689,0.7541,2.2279
1125,0.057615,0.9624,0.599198,0.7557,1.9697
1126,0.053751,0.9652,0.564453,0.7588,1.8782
1127,0.049859,0.9678,0.579868,0.7545,2.0962
1128,0.051777,0.9663,0.537001,0.7644,1.9832
1129,0.055420,0.9639,0.595739,0.7552,1.9725
1130,0.050019,0.9676,0.554428,0.7623,1.8326
1131,0.051627,0.9665,0.652384,0.7462,2.0582
1132,0.061583,0.9601,0.600493,0.7494,2.1207
1133,0.059811,0.9613,0.599491,0.7539,1.9662
1134,0.067294,0.9571,0.594530,0.7567,2.2798
1135,0.074852,0.9524,0.569980,0.7565,2.4108
1136,0.060871,0.9606,0.499986,0.7646,2.3159
1137,0.059700,0.9612,0.621051,0.7473,2.0362
1138,0.063742,0.9589,0.549582,0.7533,1.9657
1139,0.063023,0.9594,0.506075,0.7681,2.2403
1140,0.057372,0.9629,0.519852,0.7636,2.0043
1141,0.053473,0.9659,0.549723,0.7587,2.2147
1142,0.051936,0.9666,0.547552,0.7614,1.8710
1143,0.053233,0.9659,0.497006,0.7691,1.9128
1144,0.055434,0.9644,0.527741,0.7651,1.8206
1145,0.078816,0.9508,0.464252,0.7755,1.9403
1146,0.074956,0.9524,0.564649,0.7557,1.8427
1147,0.067927,0.9562,0.504612,0.7619,2.0533
1148,0.066157,0.9564,0.582261,0.7478,2.0570
1149,0.063057,0.9591,0.490891,0.7683,2.2353
1150,0.053006,0.9658,0.567305,0.7566,1.9740
1151,0.052016,0.9663,0.601316,0.7487,2.1274
1152,0.047760,0.9692,0.580207,0.7525,1.8940
1153,0.048342,0.9686,0.564927,0.7592,1.9086
1154,0.046577,0.9700,0.558132,0.7606,1.8044
1155,0.048406,0.9690,0.646503,0.7473,1.8675
1156,0.056342,0.9635,0.525620,0.7649,2.1241
1157,0.054418,0.9644,0.605441,0.7508,2.0788
1158,0.055778,0.9639,0.690480,0.7357,1.8675
1159,0.059772,0.9610,0.602803,0.7519,1.9898
1160,0.059464,0.9608,0.510560,0.7686,1.8677
1161,0.062920,0.9591,0.540064,0.7605,2.1830
1162,0.068842,0.9558,0.501706,0.7684,1.8413
1163,0.072976,0.9537,0.553914,0.7573,1.9422
1164,0.062434,0.9595,0.604486,0.7481,2.0820
1165,0.057424,0.9628,0.571874,0.7549,1.9193
1166,0.051380,0.9667,0.529285,0.7681,2.0091
1167,0.050437,0.9677,0.550261,0.7631,1.8692
1168,0.050934,0.9671,0.590005,0.7497,2.0936
1169,0.050458,0.9672,0.637319,0.7454,2.2598
1170,0.055117,0.9638,0.579971,0.7561,1.9895
1171,0.056290,0.9630,0.702442,0.7332,1.7713
1172,0.053603,0.9649,0.609348,0.7509,1.8839
1173,0.053934,0.9649,0.703290,0.7341,1.9018
1174,0.059289,0.9616,0.579250,0.7567,2.0064
1175,0.061591,0.9601,0.561639,0.7588,2.0436
1176,0.053805,0.9652,0.558089,0.7619,1.8784
1177,0.051290,0.9668,0.620948,0.7490,1.8803
1178,0.053408,0.9654,0.557629,0.7624,2.2077
1179,0.055522,0.9638,0.561035,0.7618,2.0673
1180,0.052640,0.9658,0.591208,0.7554,2.1075
1181,0.058828,0.9621,0.560605,0.7629,2.0595
1182,0.079346,0.9502,0.598802,0.7474,1.9361
1183,0.068409,0.9556,0.558271,0.7580,1.8442
1184,0.058879,0.9617,0.547134,0.7562,2.1848
1185,0.063691,0.9582,0.529543,0.7614,1.9733
1186,0.059012,0.9609,0.626641,0.7427,2.2590
1187,0.053949,0.9644,0.598527,0.7489,2.3559
1188,0.049830,0.9678,0.592747,0.7495,2.0944
1189,0.046891,0.9697,0.568569,0.7577,1.9279
1190,0.046319,0.9702,0.597602,0.7546,2.3887
1191,0.048408,0.9687,0.605497,0.7517,2.0458
1192,0.047992,0.9691,0.627384,0.7495,2.1873
1193,0.047627,0.9692,0.609206,0.7544,1.9956
1194,0.049662,0.9675,0.636269,0.7464,2.1201
1195,0.049887,0.9676,0.598212,0.7558,2.1571
1196,0.049258,0.9683,0.568517,0.7572,2.3022
1197,0.051842,0.9660,0.597788,0.7558,1.8735
1198,0.050990,0.9665,0.558299,0.7601,2.0936
1199,0.054976,0.9644,0.644514,0.7504,2.3166
1200,0.056829,0.9634,0.589848,0.7575,2.1681
1201,0.053176,0.9655,0.671428,0.7428,2.3438
1202,0.054555,0.9646,0.603686,0.7559,2.0999
1203,0.053204,0.9656,0.549828,0.7618,2.3021
1204,0.050614,0.9673,0.577871,0.7597,2.0905
1205,0.049422,0.9682,0.579903,0.7615,1.8708
1206,0.048424,0.9688,0.625752,0.7514,2.3166
1207,0.059406,0.9619,0.482949,0.7803,2.1518
1208,0.073578,0.9533,0.532971,0.7620,1.8866
1209,0.055874,0.9636,0.588659,0.7553,2.0872
1210,0.051586,0.9668,0.560422,0.7632,2.0334
1211,0.053167,0.9657,0.572022,0.7617,2.1839
1212,0.056861,0.9634,0.658273,0.7446,2.0238
1213,0.053806,0.9650,0.524496,0.7664,2.1542
1214,0.053487,0.9652,0.640330,0.7439,2.0318
1215,0.050338,0.9670,0.569951,0.7621,2.1753
1216,0.050949,0.9668,0.595836,0.7583,1.9659
1217,0.054041,0.9646,0.596648,0.7564,2.0769
1218,0.051660,0.9665,0.661084,0.7443,1.8382
1219,0.049247,0.9680,0.576494,0.7590,2.2142
1220,0.050952,0.9672,0.546925,0.7650,2.3210
1221,0.051372,0.9667,0.611625,0.7554,2.0747
1222,0.046369,0.9702,0.618345,0.7519,2.0094
1223,0.046424,0.9702,0.566188,0.7631,2.0831
1224,0.049748,0.9679,0.664851,0.7478,1.9336
1225,0.055047,0.9645,0.592760,0.7537,2.3451
1226,0.058776,0.9624,0.532191,0.7662,2.0525
1227,0.053022,0.9659,0.549474,0.7623,1.9267
1228,0.060051,0.9614,0.647876,0.7479,1.9973
1229,0.068898,0.9557,0.489595,0.7746,1.9782
1230,0.071126,0.9535,0.589615,0.7530,1.9820
1231,0.066159,0.9577,0.673746,0.7375,1.9567
1232,0.054804,0.9645,0.560038,0.7612,2.0524
1233,0.049372,0.9683,0.548589,0.7623,1.8191
1234,0.046236,0.9703,0.593964,0.7554,1.8132
1235,0.044478,0.9715,0.565731,0.7626,1.9462
1236,0.045675,0.9704,0.608786,0.7541,2.1185
1237,0.047981,0.9688,0.567976,0.7636,1.9403
1238,0.047443,0.9694,0.567418,0.7644,2.0579
1239,0.047598,0.9691,0.618290,0.7525,2.0304
1240,0.047685,0.9691,0.610367,0.7585,2.1514
1241,0.048672,0.9683,0.637400,0.7514,1.9074
1242,0.048827,0.9685,0.606254,0.7531,2.1951
1243,0.047972,0.9688,0.609423,0.7554,2.1759
1244,0.055398,0.9642,0.555215,0.7653,2.1861
1245,0.056295,0.9633,0.631597,0.7518,1.8730
1246,0.055771,0.9639,0.608364,0.7563,2.4304
1247,0.054782,0.9645,0.553000,0.7645,2.0932
1248,0.066767,0.9569,0.508494,0.7694,2.1978
1249,0.062356,0.9593,0.559369,0.7627,1.9355
1250,0.052666,0.9657,0.581663,0.7605,2.0789
1251,0.054210,0.9648,0.533035,0.7685,1.8295
1252,0.063007,0.9598,0.628828,0.7491,2.2960
1253,0.061214,0.9605,0.554633,0.7582,2.3135
1254,0.062235,0.9596,0.559469,0.7591,2.0421
1255,0.057851,0.9624,0.568890,0.7591,1.9216
1256,0.068547,0.9557,0.488396,0.7706,1.6989
1257,0.081301,0.9482,0.478503,0.7854,1.8142
1258,0.068047,0.9560,0.549339,0.7587,2.0296
1259,0.059497,0.9615,0.541688,0.7632,2.1297
1260,0.063837,0.9590,0.643903,0.7406,2.2464
1261,0.061634,0.9602,0.592892,0.7525,1.8754
1262,0.054222,0.9648,0.551933,0.7626,2.1277
1263,0.052166,0.9663,0.623641,0.7490,2.4536
1264,0.052741,0.9657,0.661922,0.7412,2.2796
1265,0.049713,0.9681,0.571769,0.7582,2.1042
1266,0.047259,0.9696,0.590372,0.7571,1.9484
1267,0.047970,0.9693,0.610621,0.7545,2.1317
1268,0.054745,0.9646,0.502115,0.7708,1.8981
1269,0.061486,0.9601,0.539814,0.7646,2.0830
1270,0.058062,0.9621,0.561098,0.7631,2.1359
1271,0.067018,0.9563,0.522385,0.7692,2.0630
1272,0.060156,0.9609,0.602213,0.7538,2.2343
1273,0.053186,0.9654,0.543707,0.7609,2.2924
1274,0.050249,0.9674,0.623610,0.7513,2.0692
1275,0.052571,0.9657,0.591631,0.7563,2.0884
1276,0.051254,0.9671,0.529407,0.7688,2.2535
1277,0.045441,0.9709,0.593009,0.7557,2.1213
1278,0.044668,0.9713,0.649403,0.7470,2.0711
1279,0.044804,0.9711,0.594809,0.7554,1.9169
1280,0.043474,0.9721,0.579043,0.7596,2.2328
1281,0.044037,0.9716,0.573718,0.7613,1.9263
1282,0.045447,0.9707,0.644701,0.7486,1.9379
1283,0.048465,0.9685,0.592625,0.7597,1.8472
1284,0.048823,0.9684,0.665304,0.7487,2.0503
1285,0.054081,0.9644,0.537302,0.7687,2.0589
1286,0.058380,0.9623,0.689710,0.7440,2.2921
1287,0.053347,0.9655,0.573795,0.7607,2.1245
1288,0.058607,0.9622,0.563533,0.7583,2.3535
1289,0.069227,0.9558,0.612320,0.7490,2.1453
1290,0.055770,0.9637,0.565326,0.7611,1.9795
1291,0.055225,0.9642,0.647788,0.7485,2.0307
1292,0.051273,0.9664,0.617204,0.7524,2.0490
1293,0.050075,0.9672,0.620778,0.7524,2.1126
1294,0.047147,0.9694,0.554665,0.7662,2.0046
1295,0.045319,0.9707,0.602756,0.7576,1.9706
1296,0.045276,0.9708,0.599731,0.7576,2.2767
1297,0.044913,0.9711,0.649091,0.7502,2.1645
1298,0.050518,0.9673,0.549930,0.7680,2.4553
1299,0.059369,0.9621,0.730271,0.7328,2.2344
1300,0.071631,0.9554,0.558340,0.7638,1.9995
1301,0.069773,0.9556,0.604510,0.7505,1.9310
1302,0.054381,0.9651,0.578979,0.7571,2.0093
1303,0.062784,0.9603,0.614088,0.7527,2.0191
1304,0.068915,0.9565,0.635130,0.7451,2.0194
1305,0.053174,0.9656,0.534231,0.7634,2.1810
1306,0.048575,0.9689,0.575670,0.7623,2.4208
1307,0.050873,0.9671,0.581569,0.7606,2.1030
1308,0.046135,0.9703,0.622198,0.7528,2.1808
1309,0.047067,0.9694,0.605196,0.7575,2.0046
1310,0.048300,0.9687,0.643776,0.7490,2.0834
1311,0.049632,0.9675,0.593378,0.7574,2.0636
1312,0.048529,0.9683,0.633702,0.7549,2.2438
1313,0.050332,0.9672,0.582067,0.7629,2.2394
1314,0.049383,0.9679,0.648063,0.7473,2.0245
1315,0.047260,0.9692,0.567806,0.7662,2.1180
1316,0.052108,0.9659,0.647524,0.7521,2.1120
1317,0.053067,0.9653,0.639461,0.7541,2.3313
1318,0.051817,0.9662,0.662493,0.7474,2.0257
1319,0.051011,0.9668,0.669040,0.7475,2.2500
1320,0.049894,0.9678,0.592522,0.7613,2.0367
1321,0.054165,0.9648,0.554411,0.7665,2.0782
1322,0.059236,0.9618,0.657873,0.7487,2.1426
1323,0.058073,0.9621,0.589471,0.7587,2.2652
1324,0.057700,0.9626,0.710318,0.7379,2.1468
1325,0.067905,0.9568,0.673358,0.7418,2.1220
1326,0.077185,0.9521,0.638484,0.7480,2.1850
1327,0.065185,0.9584,0.577434,0.7563,1.9510
1328,0.054840,0.9648,0.707800,0.7343,2.0952
1329,0.058479,0.9620,0.560250,0.7612,1.9304
1330,0.057805,0.9624,0.555963,0.7635,2.0773
1331,0.052950,0.9654,0.587517,0.7588,1.7451
1332,0.054009,0.9645,0.518308,0.7683,2.1208
1333,0.059303,0.9611,0.524190,0.7665,2.0346
1334,0.051302,0.9665,0.570402,0.7626,1.9816
1335,0.051224,0.9665,0.551558,0.7630,1.7256
1336,0.051601,0.9662,0.635551,0.7500,2.0165
1337,0.050861,0.9669,0.597660,0.7574,2.4294
1338,0.051948,0.9661,0.632729,0.7520,1.8836
1339,0.056472,0.9639,0.628079,0.7494,2.0739
1340,0.057307,0.9630,0.683799,0.7437,2.1433
1341,0.059205,0.9618,0.626551,0.7505,2.0471
1342,0.061089,0.9602,0.662431,0.7401,1.9839
1343,0.067358,0.9563,0.646739,0.7476,1.8124
1344,0.065461,0.9568,0.707129,0.7341,2.1942
1345,0.065198,0.9585,0.594767,0.7555,2.0884
1346,0.071242,0.9552,0.568922,0.7521,2.1214
1347,0.056782,0.9631,0.638496,0.7435,1.9185
1348,0.064577,0.9583,0.527393,0.7663,1.9343
1349,0.067152,0.9564,0.628353,0.7463,2.1397
1350,0.055850,0.9638,0.553271,0.7594,2.0926
1351,0.052600,0.9659,0.556517,0.7612,2.2532
1352,0.055247,0.9641,0.574344,0.7568,1.7555
1353,0.055613,0.9640,0.591221,0.7558,2.0479
1354,0.049256,0.9682,0.615885,0.7528,1.9589
1355,0.046823,0.9699,0.581170,0.7588,2.1889
1356,0.044145,0.9719,0.570727,0.7627,2.1516
1357,0.045204,0.9710,0.649395,0.7495,2.3418
1358,0.053937,0.9648,0.628931,0.7562,2.0168
1359,0.050666,0.9672,0.588268,0.7572,2.4710
1360,0.047647,0.9692,0.562059,0.7649,2.0938
1361,0.046649,0.9701,0.615996,0.7573,2.1140
1362,0.047522,0.9694,0.657050,0.7489,2.1634
1363,0.048845,0.9681,0.632092,0.7525,2.1939
1364,0.051670,0.9668,0.600036,0.7586,2.2845
1365,0.050883,0.9669,0.649382,0.7514,2.1868
1366,0.053045,0.9657,0.703100,0.7424,2.1248
1367,0.054051,0.9649,0.575432,0.7630,2.3092
1368,0.048328,0.9686,0.665573,0.7468,1.8909
1369,0.046417,0.9700,0.677056,0.7438,2.1075
1370,0.046407,0.9700,0.628320,0.7545,2.0680
1371,0.049872,0.9676,0.660020,0.7482,1.8784
1372,0.048702,0.9683,0.611833,0.7562,2.1195
1373,0.051707,0.9665,0.715854,0.7397,1.9326
1374,0.052191,0.9663,0.606095,0.7591,2.2936
1375,0.053402,0.9654,0.617758,0.7566,2.0528
1376,0.054418,0.9648,0.533994,0.7712,2.4524
1377,0.048307,0.9689,0.571597,0.7618,2.2800
1378,0.047584,0.9692,0.648693,0.7474,2.1518
1379,0.060213,0.9612,0.579013,0.7615,1.9236
1380,0.056845,0.9635,0.525230,0.7697,2.2017
1381,0.053547,0.9654,0.592331,0.7593,1.8988
1382,0.054576,0.9643,0.526903,0.7733,2.0837
1383,0.057464,0.9625,0.601344,0.7577,2.2786
1384,0.061265,0.9607,0.706273,0.7373,2.2103
1385,0.060437,0.9610,0.534949,0.7675,2.2792
1386,0.072358,0.9545,0.573413,0.7589,2.1321
1387,0.065558,0.9580,0.615757,0.7524,2.1537
1388,0.058296,0.9622,0.629309,0.7502,1.9968
1389,0.060603,0.9607,0.585867,0.7564,2.1405
1390,0.051739,0.9667,0.613535,0.7505,2.2301
1391,0.049795,0.9679,0.584939,0.7585,1.9705
1392,0.046150,0.9703,0.585146,0.7567,2.1350
1393,0.044730,0.9712,0.573099,0.7653,2.0904
1394,0.047531,0.9691,0.607673,0.7556,2.3838
1395,0.048894,0.9681,0.603675,0.7573,1.9124
1396,0.048419,0.9685,0.625036,0.7542,2.2430
1397,0.046518,0.9698,0.580277,0.7618,2.2045
1398,0.050851,0.9666,0.640025,0.7509,2.1161
1399,0.048328,0.9686,0.599638,0.7572,1.8333
1400,0.049495,0.9679,0.606963,0.7578,2.2228
1401,0.047526,0.9690,0.646242,0.7502,2.0433
1402,0.056138,0.9633,0.610964,0.7553,2.1134
1403,0.066478,0.9574,0.528889,0.7713,2.0083
1404,0.068185,0.9560,0.602964,0.7548,2.1976
1405,0.066254,0.9568,0.579800,0.7617,2.1620
1406,0.075143,0.9518,0.532719,0.7633,2.3321
1407,0.071734,0.9538,0.657577,0.7411,2.3406
1408,0.058235,0.9624,0.544735,0.7604,2.3700
1409,0.049712,0.9681,0.641940,0.7481,1.9334
1410,0.046989,0.9697,0.618479,0.7499,2.3221
1411,0.045171,0.9709,0.590768,0.7570,1.8950
1412,0.042896,0.9726,0.610865,0.7576,2.1811
1413,0.042189,0.9733,0.598459,0.7588,1.8926
1414,0.043800,0.9718,0.592347,0.7617,1.9493
1415,0.041616,0.9734,0.611793,0.7565,1.7703
1416,0.048021,0.9689,0.626712,0.7561,1.9043
1417,0.052187,0.9658,0.614827,0.7522,2.0767
1418,0.050359,0.9674,0.585495,0.7598,2.0165
1419,0.049067,0.9686,0.637539,0.7524,2.1478
1420,0.054171,0.9650,0.691239,0.7413,2.1534
1421,0.051419,0.9668,0.558300,0.7631,2.1095
1422,0.054342,0.9649,0.589626,0.7602,1.9492
1423,0.058780,0.9619,0.752296,0.7268,2.2534
1424,0.063317,0.9592,0.512165,0.7768,2.2076
1425,0.059117,0.9618,0.644807,0.7462,2.1928
1426,0.056587,0.9630,0.578006,0.7595,2.2821
1427,0.066897,0.9569,0.549187,0.7616,2.1511
1428,0.068422,0.9558,0.501988,0.7629,1.9329
1429,0.087621,0.9451,0.633781,0.7457,2.1356
1430,0.102120,0.9375,0.499817,0.7620,2.3054
1431,0.068539,0.9556,0.530541,0.7571,2.0724
1432,0.058681,0.9619,0.554850,0.7569,1.9808
1433,0.056848,0.9634,0.537106,0.7644,1.9827
1434,0.055673,0.9640,0.526543,0.7656,1.7873
1435,0.057838,0.9626,0.580469,0.7553,2.0212
1436,0.054299,0.9647,0.538019,0.7657,2.1628
1437,0.048179,0.9688,0.676617,0.7403,1.8602
1438,0.046444,0.9702,0.535956,0.7670,2.2725
1439,0.046465,0.9701,0.581437,0.7622,2.4536
1440,0.045178,0.9710,0.597151,0.7606,1.9677
1441,0.044773,0.9710,0.602961,0.7571,1.8777
1442,0.044287,0.9714,0.572395,0.7668,1.8729
1443,0.044268,0.9715,0.597563,0.7626,2.0511
1444,0.042644,0.9727,0.631137,0.7537,1.8569
1445,0.042391,0.9729,0.577070,0.7631,2.2227
1446,0.040746,0.9741,0.643675,0.7521,2.2499
1447,0.041846,0.9731,0.596674,0.7607,2.1775
1448,0.044064,0.9714,0.625687,0.7575,2.0493
1449,0.044514,0.9709,0.623796,0.7596,2.0023
1450,0.043450,0.9718,0.667194,0.7492,2.2250
1451,0.044183,0.9713,0.585910,0.7631,1.9931
1452,0.045287,0.9704,0.617718,0.7602,1.9722
1453,0.043460,0.9719,0.632169,0.7575,1.7979
1454,0.044721,0.9710,0.658372,0.7516,1.9520
1455,0.047405,0.9690,0.621255,0.7518,2.2094
1456,0.051052,0.9666,0.623464,0.7533,2.3801
1457,0.055828,0.9638,0.612754,0.7597,2.0331
1458,0.055654,0.9641,0.597067,0.7623,1.8985
1459,0.051912,0.9665,0.598788,0.7623,1.9682
1460,0.055069,0.9644,0.617089,0.7578,2.1607
1461,0.054378,0.9648,0.618513,0.7566,2.0006
1462,0.058121,0.9629,0.790838,0.7278,2.1125
1463,0.078396,0.9510,0.570794,0.7642,1.7258
1464,0.058492,0.9621,0.589976,0.7595,2.2668
1465,0.054783,0.9644,0.620459,0.7525,2.2304
1466,0.050469,0.9671,0.629436,0.7515,2.1805
1467,0.051756,0.9665,0.579743,0.7626,2.0952
1468,0.057460,0.9631,0.562243,0.7651,2.0172
1469,0.056935,0.9635,0.565719,0.7594,1.8986
1470,0.059027,0.9621,0.672652,0.7445,2.0119
1471,0.051108,0.9671,0.587405,0.7596,1.9924
1472,0.045024,0.9713,0.661567,0.7466,1.9246
1473,0.047818,0.9690,0.611056,0.7577,2.1283
1474,0.046305,0.9703,0.677556,0.7483,2.0568
1475,0.046684,0.9698,0.621250,0.7562,1.8360
1476,0.045895,0.9707,0.643126,0.7551,1.9893
1477,0.046405,0.9699,0.620046,0.7562,2.0254
1478,0.044280,0.9714,0.652168,0.7516,1.9319
1479,0.042859,0.9726,0.600064,0.7620,2.0973
1480,0.045687,0.9702,0.629843,0.7586,2.0043
1481,0.045859,0.9702,0.655633,0.7531,2.2993
1482,0.046299,0.9697,0.740553,0.7402,2.0202
1483,0.051539,0.9665,0.564337,0.7664,2.0343
1484,0.052024,0.9663,0.608433,0.7622,2.2646
1485,0.049082,0.9681,0.669177,0.7513,2.0089
1486,0.050295,0.9673,0.633916,0.7576,2.1527
1487,0.046787,0.9697,0.624274,0.7601,1.8848
1488,0.049225,0.9678,0.643752,0.7539,2.0644
1489,0.052230,0.9659,0.691475,0.7484,2.0028
1490,0.052345,0.9660,0.656600,0.7494,2.5284
1491,0.051654,0.9668,0.542580,0.7719,2.0030
1492,0.051828,0.9666,0.591087,0.7616,2.0698
1493,0.048711,0.9687,0.650364,0.7539,1.9692
1494,0.050105,0.9675,0.699025,0.7476,2.2587
1495,0.049144,0.9680,0.660267,0.7514,1.7894
1496,0.049698,0.9679,0.595638,0.7630,2.0848
1497,0.046440,0.9700,0.699768,0.7467,2.3038
1498,0.048938,0.9685,0.630656,0.7542,2.0371
1499,0.047216,0.9693,0.727886,0.7422,2.4216
1500,0.047021,0.9694,0.616614,0.7588,2.0829
1501,0.052985,0.9659,0.611663,0.7582,2.0448
1502,0.058221,0.9626,0.662615,0.7513,2.2403
1503,0.051044,0.9672,0.558379,0.7674,1.8508
1504,0.053139,0.9659,0.666458,0.7497,2.0899
1505,0.059516,0.9620,0.572819,0.7640,2.2789
1506,0.064337,0.9588,0.581910,0.7636,2.2163
1507,0.067196,0.9574,0.704128,0.7391,2.2196
1508,0.088214,0.9452,0.495410,0.7728,2.3292
1509,0.091326,0.9433,0.500862,0.7716,2.1713
1510,0.073722,0.9526,0.588247,0.7526,2.1334
1511,0.058424,0.9625,0.554598,0.7558,1.9353
1512,0.054720,0.9647,0.592160,0.7545,2.1089
1513,0.055476,0.9641,0.647825,0.7468,1.9284
1514,0.054138,0.9648,0.595439,0.7573,2.3293
1515,0.049808,0.9677,0.611954,0.7535,1.7291
1516,0.045813,0.9706,0.609070,0.7579,1.9983
1517,0.045323,0.9706,0.619711,0.7542,1.9923
1518,0.043731,0.9720,0.622957,0.7553,2.2279
1519,0.041936,0.9732,0.603467,0.7579,1.9819
1520,0.043337,0.9720,0.621603,0.7591,2.0200
1521,0.046030,0.9701,0.695782,0.7445,1.8449
1522,0.047386,0.9690,0.659489,0.7467,1.9821
1523,0.048812,0.9683,0.639900,0.7536,1.8258
1524,0.047562,0.9692,0.592830,0.7648,2.0235
1525,0.043729,0.9720,0.639701,0.7559,2.0025
1526,0.041536,0.9736,0.672112,0.7493,1.9251
1527,0.043227,0.9723,0.605252,0.7621,1.9631
1528,0.042415,0.9728,0.604310,0.7600,2.1822
1529,0.049668,0.9679,0.589066,0.7607,2.4313
1530,0.054809,0.9651,0.648198,0.7518,1.9395
1531,0.054471,0.9648,0.626048,0.7589,2.2749
1532,0.052610,0.9660,0.658273,0.7495,1.9912
1533,0.057182,0.9633,0.587670,0.7596,2.1836
1534,0.064264,0.9592,0.597214,0.7569,2.1042
1535,0.063060,0.9593,0.547463,0.7622,2.2791
1536,0.054790,0.9647,0.650338,0.7508,1.9516
1537,0.072471,0.9539,0.752562,0.7318,2.0354
1538,0.064065,0.9589,0.583344,0.7616,1.8234
1539,0.060886,0.9609,0.579547,0.7585,2.0279
1540,0.081489,0.9487,0.652787,0.7432,1.8636
1541,0.057981,0.9624,0.587869,0.7576,1.9103
1542,0.052059,0.9664,0.571009,0.7584,1.9783
1543,0.050934,0.9672,0.619303,0.7516,2.2464
1544,0.048714,0.9689,0.619718,0.7554,2.2078
1545,0.043220,0.9726,0.624528,0.7569,2.0289
1546,0.050567,0.9672,0.579790,0.7629,2.0957
1547,0.051733,0.9668,0.546458,0.7675,1.9068
1548,0.051403,0.9669,0.638104,0.7532,2.0951
1549,0.046392,0.9702,0.642194,0.7506,1.8264
1550,0.042822,0.9726,0.618598,0.7565,2.2929
1551,0.042331,0.9729,0.621780,0.7564,2.2655
1552,0.045425,0.9711,0.679834,0.7495,1.9773
1553,0.045820,0.9706,0.645606,0.7578,2.1263
1554,0.045940,0.9702,0.631522,0.7588,1.9341
1555,0.048442,0.9687,0.633579,0.7544,2.3016
1556,0.044402,0.9715,0.584689,0.7685,2.3171
1557,0.042834,0.9725,0.574781,0.7689,2.1278
1558,0.044137,0.9713,0.606059,0.7625,1.8834
1559,0.045460,0.9707,0.689672,0.7495,1.8912
1560,0.041834,0.9733,0.604512,0.7646,2.1403
1561,0.045155,0.9711,0.709549,0.7472,1.9071
1562,0.044654,0.9713,0.691524,0.7498,1.9567
1563,0.049295,0.9679,0.605440,0.7606,2.0042
1564,0.057168,0.9629,0.700740,0.7509,2.0094
1565,0.057393,0.9633,0.690358,0.7472,2.3323
1566,0.049417,0.9683,0.585947,0.7624,2.5767
1567,0.047786,0.9691,0.642414,0.7588,1.9085
1568,0.050813,0.9669,0.641398,0.7568,1.9356
1569,0.048042,0.9686,0.658252,0.7541,1.8385
1570,0.044163,0.9716,0.580775,0.7672,2.2263
1571,0.047270,0.9689,0.619353,0.7598,2.2245
1572,0.046617,0.9696,0.701930,0.7465,2.0433
1573,0.053674,0.9655,0.600358,0.7625,2.4727
1574,0.055465,0.9638,0.530813,0.7736,2.0216
1575,0.062587,0.9591,0.636358,0.7541,2.2978
1576,0.049929,0.9674,0.644169,0.7518,2.2837
1577,0.045761,0.9703,0.697633,0.7470,2.1755
1578,0.051084,0.9669,0.597759,0.7593,2.2665
1579,0.061654,0.9612,0.670763,0.7467,2.4339
1580,0.056544,0.9641,0.669567,0.7504,2.2481
1581,0.049669,0.9680,0.617486,0.7540,2.2139
1582,0.046715,0.9697,0.630848,0.7569,1.7349
1583,0.043133,0.9723,0.618923,0.7590,2.5254
1584,0.041135,0.9736,0.621465,0.7627,2.0969
1585,0.041948,0.9730,0.692779,0.7443,2.0858
1586,0.041434,0.9735,0.598305,0.7667,2.1755
1587,0.044019,0.9715,0.635586,0.7580,2.3316
1588,0.044993,0.9706,0.650784,0.7584,2.2229
1589,0.045269,0.9704,0.617882,0.7609,2.0751
1590,0.044028,0.9715,0.711991,0.7459,2.2582
1591,0.047020,0.9699,0.611877,0.7625,2.1023
1592,0.059924,0.9617,0.632205,0.7562,2.0914
1593,0.051978,0.9666,0.562173,0.7660,2.1966
1594,0.060566,0.9617,0.580704,0.7612,1.8777
1595,0.055738,0.9640,0.619679,0.7557,2.0333
1596,0.058369,0.9624,0.587360,0.7598,2.4275
1597,0.064508,0.9588,0.607175,0.7562,2.2396
1598,0.058516,0.9616,0.622083,0.7564,1.9037
1599,0.049915,0.9673,0.656868,0.7501,1.9664
1600,0.046893,0.9693,0.630935,0.7554,2.0999
1601,0.042427,0.9727,0.638189,0.7557,2.2816
1602,0.043600,0.9717,0.615357,0.7596,2.2399
1603,0.043430,0.9719,0.617938,0.7616,1.9020
1604,0.045678,0.9704,0.640682,0.7561,2.2777
1605,0.044694,0.9709,0.631964,0.7592,2.0438
1606,0.046150,0.9699,0.591050,0.7666,2.0720
1607,0.046511,0.9699,0.670301,0.7531,2.3362
1608,0.045391,0.9706,0.655839,0.7519,1.8492
1609,0.044332,0.9713,0.658384,0.7549,2.0749
1610,0.045212,0.9708,0.651140,0.7547,2.0645
1611,0.047595,0.9694,0.663905,0.7535,1.9915
1612,0.051274,0.9672,0.594553,0.7638,2.0250
1613,0.048392,0.9688,0.635876,0.7568,2.1215
1614,0.056020,0.9648,0.538519,0.7724,2.2708
1615,0.057989,0.9630,0.632331,0.7577,1.9312
1616,0.054511,0.9648,0.551945,0.7708,1.9601
1617,0.063129,0.9600,0.680895,0.7516,2.0974
1618,0.067866,0.9569,0.643720,0.7477,1.8177
1619,0.067875,0.9563,0.526157,0.7660,2.0873
1620,0.056789,0.9629,0.765722,0.7318,1.8709
1621,0.057994,0.9623,0.542062,0.7676,2.3242
1622,0.056186,0.9635,0.633098,0.7543,2.0368
1623,0.061095,0.9607,0.646021,0.7532,2.0224
1624,0.051681,0.9662,0.601804,0.7618,2.1869
1625,0.046819,0.9696,0.597666,0.7624,1.9947
1626,0.044780,0.9710,0.679460,0.7501,1.9207
1627,0.045554,0.9704,0.642963,0.7546,2.0304
1628,0.045039,0.9709,0.641307,0.7578,1.9564
1629,0.043249,0.9721,0.630000,0.7601,2.0981
1630,0.042054,0.9729,0.657433,0.7585,2.1520
1631,0.050549,0.9667,0.647097,0.7552,2.2687
1632,0.052974,0.9654,0.633022,0.7590,2.2487
1633,0.050448,0.9673,0.666826,0.7535,2.2129
1634,0.054594,0.9647,0.595520,0.7635,2.0867
1635,0.052943,0.9656,0.548876,0.7732,1.9193
1636,0.062065,0.9607,0.594176,0.7644,1.8678
1637,0.065650,0.9583,0.665682,0.7518,2.1116
1638,0.075916,0.9526,0.588068,0.7631,2.5091
1639,0.056697,0.9631,0.662626,0.7479,2.2755
1640,0.049465,0.9680,0.649339,0.7541,2.0583
1641,0.052318,0.9662,0.626562,0.7585,2.6076
1642,0.057584,0.9631,0.636741,0.7500,2.2735
1643,0.058025,0.9627,0.572217,0.7685,2.0072
1644,0.072418,0.9536,0.607942,0.7545,2.1080
1645,0.068758,0.9563,0.557056,0.7634,2.1448
1646,0.052429,0.9662,0.599580,0.7576,1.8409
1647,0.048715,0.9684,0.596073,0.7594,2.2637
1648,0.043255,0.9725,0.631576,0.7523,2.0124
1649,0.044925,0.9709,0.596756,0.7643,1.8457
1650,0.049439,0.9678,0.657222,0.7530,2.0815
1651,0.047189,0.9692,0.654788,0.7511,2.2255
1652,0.045989,0.9699,0.638126,0.7572,1.9461
1653,0.046519,0.9693,0.598874,0.7644,2.3571
1654,0.045345,0.9705,0.601907,0.7637,1.8181
1655,0.042922,0.9722,0.646034,0.7551,2.1153
1656,0.042205,0.9728,0.612824,0.7620,1.9225
1657,0.041781,0.9732,0.673251,0.7528,2.2780
1658,0.057063,0.9634,0.586425,0.7630,2.1967
1659,0.075999,0.9527,0.790993,0.7289,2.0933
1660,0.053216,0.9654,0.549210,0.7708,2.0188
1661,0.055558,0.9640,0.621596,0.7540,2.3889
1662,0.049083,0.9682,0.553689,0.7679,1.9631
1663,0.053717,0.9651,0.619537,0.7529,2.2979
1664,0.048408,0.9686,0.554336,0.7698,2.3654
1665,0.045811,0.9708,0.584446,0.7644,2.0851
1666,0.041204,0.9739,0.654378,0.7534,2.1362
1667,0.040968,0.9740,0.602392,0.7619,2.4682
1668,0.043245,0.9721,0.634010,0.7572,2.4307
1669,0.042651,0.9724,0.666543,0.7521,2.0437
1670,0.042961,0.9721,0.611806,0.7622,1.9049
1671,0.046263,0.9699,0.606241,0.7623,2.2883
1672,0.045712,0.9702,0.619254,0.7621,1.8227
1673,0.041567,0.9733,0.669255,0.7524,2.2742
1674,0.039403,0.9750,0.646097,0.7604,1.9811
1675,0.040209,0.9741,0.668722,0.7504,2.2756
1676,0.044836,0.9708,0.675659,0.7531,2.3060
1677,0.049355,0.9680,0.613751,0.7626,2.2405
1678,0.047837,0.9690,0.732029,0.7436,2.4469
1679,0.050250,0.9673,0.547854,0.7745,2.2530
1680,0.058503,0.9625,0.876796,0.7208,2.2670
1681,0.062510,0.9604,0.564611,0.7667,2.2232
1682,0.060742,0.9612,0.645078,0.7554,1.8626
1683,0.054948,0.9644,0.752744,0.7351,1.9388
1684,0.052796,0.9658,0.708456,0.7451,2.2600
1685,0.054574,0.9645,0.649258,0.7547,1.9437
1686,0.053985,0.9647,0.708386,0.7442,1.9656
1687,0.048921,0.9684,0.642344,0.7558,2.0022
1688,0.049690,0.9680,0.582722,0.7640,2.1327
1689,0.045120,0.9709,0.596019,0.7646,2.0421
1690,0.043830,0.9722,0.574435,0.7648,1.8698
1691,0.044863,0.9711,0.552802,0.7700,1.8523
1692,0.044084,0.9715,0.598784,0.7630,1.9616
1693,0.042134,0.9730,0.637137,0.7573,2.0045
1694,0.039257,0.9751,0.673531,0.7527,2.2633
1695,0.041711,0.9733,0.614597,0.7648,2.2347
1696,0.041201,0.9736,0.623884,0.7624,1.9223
1697,0.043832,0.9716,0.716981,0.7489,2.1965
1698,0.042115,0.9730,0.722701,0.7508,2.0041
1699,0.043776,0.9719,0.661423,0.7565,2.3025
1700,0.044977,0.9711,0.693483,0.7485,2.3820
1701,0.045464,0.9705,0.643435,0.7586,2.2067
1702,0.046007,0.9701,0.676312,0.7552,2.0158
1703,0.050192,0.9678,0.677747,0.7480,1.8652
1704,0.055281,0.9642,0.709313,0.7466,2.0609
1705,0.049088,0.9682,0.704424,0.7484,2.0859
1706,0.048652,0.9681,0.711186,0.7483,1.9258
1707,0.044468,0.9713,0.698646,0.7491,2.0548
1708,0.046799,0.9697,0.601689,0.7663,2.2282
1709,0.045290,0.9707,0.648484,0.7577,1.8954
1710,0.042699,0.9727,0.694899,0.7483,2.1300
1711,0.044264,0.9716,0.587696,0.7679,1.9141
1712,0.058413,0.9628,0.672809,0.7515,2.2608
1713,0.055951,0.9639,0.636834,0.7575,1.9088
1714,0.053413,0.9654,0.609478,0.7614,2.0263
1715,0.049109,0.9681,0.592635,0.7605,2.2216
1716,0.047966,0.9686,0.661473,0.7513,2.2778
1717,0.045112,0.9706,0.619547,0.7648,2.2955
1718,0.062388,0.9600,0.570086,0.7689,2.0260
1719,0.060142,0.9615,0.601815,0.7607,2.0820
1720,0.046129,0.9703,0.631602,0.7542,2.0543
1721,0.043480,0.9721,0.588922,0.7669,2.1582
1722,0.047207,0.9697,0.577026,0.7669,2.1177
1723,0.062776,0.9606,0.644147,0.7556,2.0748
1724,0.061503,0.9608,0.530885,0.7737,1.9309
1725,0.057145,0.9636,0.663586,0.7499,2.0674
1726,0.052527,0.9654,0.637252,0.7543,2.3175
1727,0.045611,0.9703,0.640053,0.7539,1.8069
1728,0.042966,0.9721,0.665114,0.7540,2.4712
1729,0.044194,0.9713,0.663492,0.7460,1.8939
1730,0.046596,0.9699,0.632621,0.7568,2.0204
1731,0.047965,0.9693,0.595549,0.7653,2.1430
